Baixando arquivo: http://politicas.icpbrasil.gov.br/ICP_BR_Extensoes_PAdES_asn-sha256.txt
Baixando arquivo: http://politicas.icpbrasil.gov.br/PA_AD_RB_v2_2der-sha256.txt
Baixando arquivo: http://politicas.icpbrasil.gov.br/PA_AD_RT_v2_0xml-sha256.txt
Baixando arquivo: http://politicas.icpbrasil.gov.br/PA_AD_RB_v1_1xml-sha256.txt
Baixando arquivo: http://politicas.icpbrasil.gov.br/PA_AD_RT_v2_2der-sha256.txt
Baixando arquivo: http://politicas.icpbrasil.gov.br/PA_PAdES_AD_RA_v1_3der-sha256.txt
Baixando arquivo: http://politicas.icpbrasil.gov.br/PA_AD_RT_v2_1.xml
Baixando arquivo: http://politicas.icpbrasil.gov.br/PA_AD_RB_v2_1.xml
Baixando arquivo: http://politicas.icpbrasil.gov.br/ICP_BR_Extensoes_PAdES.asn
Baixando arquivo: http://politicas.icpbrasil.gov.br/PA_AD_RT_v2_1xml-sha256.txt
Baixando arquivo: http://politicas.icpbrasil.gov.br/PA_AD_RV_v2_2.der
Baixando arquivo: http://politicas.icpbrasil.gov.br/PA_AD_RB_v2_2xml-sha256.txt
Baixando arquivo: http://politicas.icpbrasil.gov.br/PA_AD_RB_v2_5.xml
Baixando arquivo: http://politicas.icpbrasil.gov.br/PA_AD_RT_v2_2xml-sha256.txt
Baixando arquivo: http://politicas.icpbrasil.gov.br/PA_AD_RB_v2_3.xml
Baixando arquivo: http://politicas.icpbrasil.gov.br/PA_AD_RB_der-sha256.txt
Baixando arquivo: http://politicas.icpbrasil.gov.br/PA_AD_RV_v2_3.der
Baixando arquivo: http://politicas.icpbrasil.gov.br/PA_AD_RT_v2_4xml-sha256.txt
Baixando arquivo: http://politicas.icpbrasil.gov.br/PA_AD_RB_v2_3xml-sha256.txt
Baixando arquivo: http://politicas.icpbrasil.gov.br/PA_AD_RV_v2_2der-sha256.txt
Baixando arquivo: http://politicas.icpbrasil.gov.br/PA_AD_RT_v2_5.xml
Baixando arquivo: http://politicas.icpbrasil.gov.br/PA_AD_RV_v2_3der-sha256.txt
Baixando arquivo: http://politicas.icpbrasil.gov.br/PA_AD_RV_v2_4der-sha256.txt
Baixando arquivo: http://politicas.icpbrasil.gov.br/PA_AD_RT_v2_5xml-sha256.txt
Baixando arquivo: http://politicas.icpbrasil.gov.br/PA_AD_RV.xml
Baixando arquivo: http://politicas.icpbrasil.gov.br/PA_PAdES_AD_RC_v1_1.der
Baixando arquivo: http://politicas.icpbrasil.gov.br/PA_PAdES_AD_RT_v1_0.der
Baixando arquivo: http://politicas.icpbrasil.gov.br/PA_AD_RV_xml-sha256.txt
Baixando arquivo: http://politicas.icpbrasil.gov.br/PA_PAdES_AD_RC_v1_1der-sha256.txt
Baixando arquivo: http://politicas.icpbrasil.gov.br/PA_AD_RC_v2_3.der
Baixando arquivo: http://politicas.icpbrasil.gov.br/PA_AD_RV_v1_1.der
Baixando arquivo: http://politicas.icpbrasil.gov.br/PA_AD_RC_v2_4der-sha256.txt
Baixando arquivo: http://politicas.icpbrasil.gov.br/PA_AD_RV_v2_2.xml
Baixando arquivo: http://politicas.icpbrasil.gov.br/PA_PAdES_AD_RC_v1_2der-sha256.txt
Baixando arquivo: http://politicas.icpbrasil.gov.br/PA_AD_RV_v1_1der-sha256.txt
Baixando arquivo: http://politicas.icpbrasil.gov.br/PA_AD_RV_v2_2xml-sha256.txt
Baixando arquivo: http://politicas.icpbrasil.gov.br/PA_AD_RC_xml-sha256.txt
Baixando arquivo: http://politicas.icpbrasil.gov.br/PA_PAdES_AD_RC_v1_3.der
Baixando arquivo: http://politicas.icpbrasil.gov.br/PA_AD_RB_v1_1.der
Baixando arquivo: http://politicas.icpbrasil.gov.br/PA_AD_RV_v2_4xml-sha256.txt
Baixando arquivo: http://politicas.icpbrasil.gov.br/PA_AD_RC_v1_2.xml
Baixando arquivo: http://politicas.icpbrasil.gov.br/PA_AD_RB_v2_0.der
Baixando arquivo: http://politicas.icpbrasil.gov.br/PA_AD_RC_v2_4.xml
Baixando arquivo: http://politicas.icpbrasil.gov.br/PA_AD_RA.der
Baixando arquivo: http://politicas.icpbrasil.gov.br/PA_AD_RC_v2_1xml-sha256.txt
Baixando arquivo: http://politicas.icpbrasil.gov.br/PA_AD_RC_v2_3.xml
Baixando arquivo: http://politicas.icpbrasil.gov.br/PA_PAdES_AD_RA_v1_1.der
Baixando arquivo: http://politicas.icpbrasil.gov.br/PA_AD_RA_v2_2xml-sha256.txt
Baixando arquivo: http://politicas.icpbrasil.gov.br/PA_AD_RA_v2_3xml-sha256.txt
Baixando arquivo: http://politicas.icpbrasil.gov.br/PA_AD_RV_v2_0.xml
Baixando arquivo: http://politicas.icpbrasil.gov.br/PA_PAdES_AD_RT_v1_0der-sha256.txt
Baixando arquivo: http://politicas.icpbrasil.gov.br/PA_AD_RA_v1_2xml-sha256.txt
Baixando arquivo: http://politicas.icpbrasil.gov.br/PA_AD_RB_v2_1xml-sha256.txt
Baixando arquivo: http://politicas.icpbrasil.gov.br/PA_AD_RB_v1_2.xml
Baixando arquivo: http://politicas.icpbrasil.gov.br/PA_AD_RC.xml
Baixando arquivo: http://politicas.icpbrasil.gov.br/PA_AD_RV_v2_0.der
Baixando arquivo: http://politicas.icpbrasil.gov.br/PA_AD_RV_v1_2xml-sha256.txt
Baixando arquivo: http://politicas.icpbrasil.gov.br/PA_AD_RT_v2_4.der
Baixando arquivo: http://politicas.icpbrasil.gov.br/PA_AD_RT_v1_1.xml
Baixando arquivo: http://politicas.icpbrasil.gov.br/PA_AD_RT_v1_1xml-sha256.txt
Baixando arquivo: http://politicas.icpbrasil.gov.br/PA_AD_RT_v1_2.xml
Baixando arquivo: http://politicas.icpbrasil.gov.br/PA_AD_RV_v2_1der-sha256.txt
Baixando arquivo: http://politicas.icpbrasil.gov.br/PA_AD_RT_v2_0.xml
Baixando arquivo: http://politicas.icpbrasil.gov.br/PA_AD_RT_v2_3.der
Baixando arquivo: http://politicas.icpbrasil.gov.br/PA_AD_RB_v2_5xml-sha256.txt
Baixando arquivo: http://politicas.icpbrasil.gov.br/PA_PAdES_AD_RB_v1_0.der
Baixando arquivo: http://politicas.icpbrasil.gov.br/PA_PAdES_AD_RB_v1_0der-sha256.txt
Baixando arquivo: http://politicas.icpbrasil.gov.br/PA.xsd
Baixando arquivo: http://politicas.icpbrasil.gov.br/PA_AD_RB_v2_3.der
Baixando arquivo: http://politicas.icpbrasil.gov.br/PA_AD_RB_v2_3der-sha256.txt
Baixando arquivo: http://politicas.icpbrasil.gov.br/PA_AD_RB_v2_4.der
Baixando arquivo: http://politicas.icpbrasil.gov.br/PA_PAdES_AD_RB_v1_1.der
Baixando arquivo: http://politicas.icpbrasil.gov.br/PA_AD_RB_v2_4der-sha256.txt
Baixando arquivo: http://politicas.icpbrasil.gov.br/PA_PAdES_AD_RB_v1_1der-sha256.txt
Baixando arquivo: http://politicas.icpbrasil.gov.br/PA_PAdES_AD_RB_v1_2.der
Baixando arquivo: http://politicas.icpbrasil.gov.br/PA_AD_RB.xml
Baixando arquivo: http://politicas.icpbrasil.gov.br/PA_PAdES_AD_RB_v1_2der-sha256.txt
Baixando arquivo: http://politicas.icpbrasil.gov.br/PA_AD_RB_xml-sha256.txt
Baixando arquivo: http://politicas.icpbrasil.gov.br/PA_AD_RB_v1_1.xml
Baixando arquivo: http://politicas.icpbrasil.gov.br/PA_AD_RT.der
Baixando arquivo: http://politicas.icpbrasil.gov.br/PA_AD_RT_der-sha256.txt
Baixando arquivo: http://politicas.icpbrasil.gov.br/PA_AD_RT_v1_1.der
Baixando arquivo: http://politicas.icpbrasil.gov.br/PA_AD_RT_v1_1der-sha256.txt
Baixando arquivo: http://politicas.icpbrasil.gov.br/PA_AD_RT_v2_0.der
Baixando arquivo: http://politicas.icpbrasil.gov.br/PA_AD_RT_v2_0der-sha256.txt
Baixando arquivo: http://politicas.icpbrasil.gov.br/PA_AD_RT_v2_1.der
Baixando arquivo: http://politicas.icpbrasil.gov.br/PA_AD_RT_v2_1der-sha256.txt
Baixando arquivo: http://politicas.icpbrasil.gov.br/PA_AD_RT_v2_2.der
Baixando arquivo: http://politicas.icpbrasil.gov.br/PA_AD_RB_v1_2xml-sha256.txt
Baixando arquivo: http://politicas.icpbrasil.gov.br/PA_AD_RB_v2_0.xml
Baixando arquivo: http://politicas.icpbrasil.gov.br/PA_AD_RB_v2_0xml-sha256.txt
Baixando arquivo: http://politicas.icpbrasil.gov.br/PA_AD_RB_v2_2.xml
Baixando arquivo: http://politicas.icpbrasil.gov.br/PA_AD_RT_v2_2.xml
Baixando arquivo: http://politicas.icpbrasil.gov.br/PA_AD_RT_v2_3.xml
Baixando arquivo: http://politicas.icpbrasil.gov.br/PA_AD_RT_v2_3xml-sha256.txt
Baixando arquivo: http://politicas.icpbrasil.gov.br/PA_AD_RT_v2_4.xml
Baixando arquivo: http://politicas.icpbrasil.gov.br/PA_AD_RT_v1_2xml-sha256.txt
Baixando arquivo: http://politicas.icpbrasil.gov.br/PA_AD_RB_v2_4.xml
Baixando arquivo: http://politicas.icpbrasil.gov.br/PA_PAdES_AD_RC_v1_0.der
Baixando arquivo: http://politicas.icpbrasil.gov.br/PA_AD_RB_v2_4xml-sha256.txt
Baixando arquivo: http://politicas.icpbrasil.gov.br/LPA_XAdES.xsd
Baixando arquivo: http://politicas.icpbrasil.gov.br/PA_AD_RB_v1_1der-sha256.txt
Baixando arquivo: http://politicas.icpbrasil.gov.br/PA_AD_RV_v2_4.der
Baixando arquivo: http://politicas.icpbrasil.gov.br/LPA_XAdES_xsd-sha256.txt
Baixando arquivo: http://politicas.icpbrasil.gov.br/PA_PAdES_AD_RC_v1_0der-sha256.txt
Baixando arquivo: http://politicas.icpbrasil.gov.br/PA_AD_RC_v2_2.der
Baixando arquivo: http://politicas.icpbrasil.gov.br/PA_PAdES_AD_RT_v1_1der-sha256.txt
Baixando arquivo: http://politicas.icpbrasil.gov.br/PA_PAdES_AD_RT_v1_2der-sha256.txt
Baixando arquivo: http://politicas.icpbrasil.gov.br/PA_AD_RV_v1_1.xml
Baixando arquivo: http://politicas.icpbrasil.gov.br/PA_AD_RV.der
Baixando arquivo: http://politicas.icpbrasil.gov.br/PA_AD_RV_v1_1xml-sha256.txt
Baixando arquivo: http://politicas.icpbrasil.gov.br/PA_AD_RV_v1_2.xml
Baixando arquivo: http://politicas.icpbrasil.gov.br/PA_AD_RC_v2_2der-sha256.txt
Baixando arquivo: http://politicas.icpbrasil.gov.br/PA_AD_RV_der-sha256.txt
Baixando arquivo: http://politicas.icpbrasil.gov.br/PA_AD_RV_v2_0xml-sha256.txt
Baixando arquivo: http://politicas.icpbrasil.gov.br/PA_AD_RV_v2_1.xml
Baixando arquivo: http://politicas.icpbrasil.gov.br/PA_AD_RC_v2_3der-sha256.txt
Baixando arquivo: http://politicas.icpbrasil.gov.br/PA_AD_RV_v2_1xml-sha256.txt
Baixando arquivo: http://politicas.icpbrasil.gov.br/PA_AD_RC_v2_4.der
Baixando arquivo: http://politicas.icpbrasil.gov.br/PA_PAdES_AD_RC_v1_2.der
Baixando arquivo: http://politicas.icpbrasil.gov.br/PA_AD_RV_v2_0der-sha256.txt
Baixando arquivo: http://politicas.icpbrasil.gov.br/PA_AD_RV_v2_1.der
Baixando arquivo: http://politicas.icpbrasil.gov.br/PA_xsd-sha256.txt
Baixando arquivo: http://politicas.icpbrasil.gov.br/PA_AD_RV_v2_3.xml
Baixando arquivo: http://politicas.icpbrasil.gov.br/PA_AD_RB.der
Baixando arquivo: http://politicas.icpbrasil.gov.br/PA_AD_RV_v2_3xml-sha256.txt
Baixando arquivo: http://politicas.icpbrasil.gov.br/PA_AD_RV_v2_4.xml
Baixando arquivo: http://politicas.icpbrasil.gov.br/PA_AD_RC_v1_1.xml
Baixando arquivo: http://politicas.icpbrasil.gov.br/PA_AD_RC_v1_1xml-sha256.txt
Baixando arquivo: http://politicas.icpbrasil.gov.br/PA_AD_RC_v2_3xml-sha256.txt
Baixando arquivo: http://politicas.icpbrasil.gov.br/PA_PAdES_AD_RC_v1_3der-sha256.txt
Baixando arquivo: http://politicas.icpbrasil.gov.br/PA_AD_RT_v2_3der-sha256.txt
Baixando arquivo: http://politicas.icpbrasil.gov.br/PA_AD_RB_v2_1.der
Baixando arquivo: http://politicas.icpbrasil.gov.br/PA_AD_RT_xml-sha256.txt
Baixando arquivo: http://politicas.icpbrasil.gov.br/PA_AD_RV_v2_5.xml
Baixando arquivo: http://politicas.icpbrasil.gov.br/PA_AD_RC_v2_0.der
Baixando arquivo: http://politicas.icpbrasil.gov.br/PA_AD_RV_v2_5xml-sha256.txt
Baixando arquivo: http://politicas.icpbrasil.gov.br/PA_AD_RC_v2_0der-sha256.txt
Baixando arquivo: http://politicas.icpbrasil.gov.br/PA_AD_RC_v2_4xml-sha256.txt
Baixando arquivo: http://politicas.icpbrasil.gov.br/PA_AD_RC_v2_1.der
Baixando arquivo: http://politicas.icpbrasil.gov.br/PA_AD_RC_v2_5.xml
Baixando arquivo: http://politicas.icpbrasil.gov.br/PA_AD_RC_v2_1der-sha256.txt
Baixando arquivo: http://politicas.icpbrasil.gov.br/PA_AD_RC_v2_5xml-sha256.txt
Baixando arquivo: http://politicas.icpbrasil.gov.br/PA_AD_RT.xml
Baixando arquivo: http://politicas.icpbrasil.gov.br/PA_AD_RB_v2_0der-sha256.txt
Baixando arquivo: http://politicas.icpbrasil.gov.br/PA_AD_RA_v2_0xml-sha256.txt
Baixando arquivo: http://politicas.icpbrasil.gov.br/PA_AD_RC.der
Baixando arquivo: http://politicas.icpbrasil.gov.br/PA_AD_RC_der-sha256.txt
Baixando arquivo: http://politicas.icpbrasil.gov.br/PA_AD_RC_v1_1.der
Baixando arquivo: http://politicas.icpbrasil.gov.br/PA_AD_RA_der-sha256.txt
Baixando arquivo: http://politicas.icpbrasil.gov.br/PA_AD_RA_v1_1.der
Baixando arquivo: http://politicas.icpbrasil.gov.br/PA_AD_RA_v1_1der-sha256.txt
Baixando arquivo: http://politicas.icpbrasil.gov.br/PA_AD_RC_v1_1der-sha256.txt
Baixando arquivo: http://politicas.icpbrasil.gov.br/PA_AD_RA_v1_2.der
Baixando arquivo: http://politicas.icpbrasil.gov.br/PA_PAdES_AD_RA_v1_0der-sha256.txt
Baixando arquivo: http://politicas.icpbrasil.gov.br/PA_AD_RA_v2_1.xml
Baixando arquivo: http://politicas.icpbrasil.gov.br/PA_AD_RA_v2_1xml-sha256.txt
Baixando arquivo: http://politicas.icpbrasil.gov.br/PA_AD_RB_v2_1der-sha256.txt
Baixando arquivo: http://politicas.icpbrasil.gov.br/PA_AD_RB_v2_2.der
Baixando arquivo: http://politicas.icpbrasil.gov.br/PA_AD_RA_v2_2.xml
Baixando arquivo: http://politicas.icpbrasil.gov.br/PA_AD_RC_v2_2.xml
Baixando arquivo: http://politicas.icpbrasil.gov.br/PA_AD_RA_v2_4der-sha256.txt
Baixando arquivo: http://politicas.icpbrasil.gov.br/PA_AD_RA_v2_0.der
Baixando arquivo: http://politicas.icpbrasil.gov.br/PA_PAdES_AD_RA_v1_1der-sha256.txt
Baixando arquivo: http://politicas.icpbrasil.gov.br/PA_AD_RA_v2_0der-sha256.txt
Baixando arquivo: http://politicas.icpbrasil.gov.br/PA_PAdES_AD_RA_v1_2.der
Baixando arquivo: http://politicas.icpbrasil.gov.br/PA_AD_RA_v2_1.der
Baixando arquivo: http://politicas.icpbrasil.gov.br/PA_AD_RC_v2_2xml-sha256.txt
Baixando arquivo: http://politicas.icpbrasil.gov.br/PA_AD_RA_v2_1der-sha256.txt
Baixando arquivo: http://politicas.icpbrasil.gov.br/PA_AD_RC_v2_1.xml
Baixando arquivo: http://politicas.icpbrasil.gov.br/PA_AD_RA_v2_3.der
Baixando arquivo: http://politicas.icpbrasil.gov.br/PA_PAdES_AD_RA_v1_2der-sha256.txt
Baixando arquivo: http://politicas.icpbrasil.gov.br/PA_AD_RC_v1_2xml-sha256.txt
Baixando arquivo: http://politicas.icpbrasil.gov.br/PA_AD_RA_v2_2.der
Baixando arquivo: http://politicas.icpbrasil.gov.br/PA_PAdES_AD_RA_v1_3.der
Baixando arquivo: http://politicas.icpbrasil.gov.br/LPAv2.asn
Baixando arquivo: http://politicas.icpbrasil.gov.br/LPAv2_asn-sha256.txt
Baixando arquivo: http://politicas.icpbrasil.gov.br/PA_AD_RT_v2_4der-sha256.txt
Baixando arquivo: http://politicas.icpbrasil.gov.br/PA_AD_RC_v2_0.xml
Baixando arquivo: http://politicas.icpbrasil.gov.br/PA_AD_RA_v2_2der-sha256.txt
Baixando arquivo: http://politicas.icpbrasil.gov.br/PA_AD_RA_v2_4xml-sha256.txt
Baixando arquivo: http://politicas.icpbrasil.gov.br/PA_AD_RC_v2_0xml-sha256.txt
Baixando arquivo: http://politicas.icpbrasil.gov.br/PA_AD_RA_v2_3der-sha256.txt
Baixando arquivo: http://politicas.icpbrasil.gov.br/PA_AD_RA_v2_3.xml
Baixando arquivo: http://politicas.icpbrasil.gov.br/PA_AD_RA_v2_4.der
Baixando arquivo: http://politicas.icpbrasil.gov.br/PA_AD_RA_v2_4.xml
Baixando arquivo: http://politicas.icpbrasil.gov.br/PA_AD_RA_v2_5xml-sha256.txt
Baixando arquivo: http://politicas.icpbrasil.gov.br/PA_AD_RA_v1_1.xml
Baixando arquivo: http://politicas.icpbrasil.gov.br/PA_AD_RA_v1_2der-sha256.txt
Baixando arquivo: http://politicas.icpbrasil.gov.br/PA_AD_RA_v2_5.der
Baixando arquivo: http://politicas.icpbrasil.gov.br/PA_AD_RA_v2_5.xml
Baixando arquivo: http://politicas.icpbrasil.gov.br/PA_AD_RA_v2_5der-sha256.txt
Baixando arquivo: http://politicas.icpbrasil.gov.br/PA_AD_RA_v1_1xml-sha256.txt
Baixando arquivo: http://politicas.icpbrasil.gov.br/PA_AD_RA.xml
Baixando arquivo: http://politicas.icpbrasil.gov.br/PA_AD_RA_xml-sha256.txt
Baixando arquivo: http://politicas.icpbrasil.gov.br/PA_AD_RA_v2_0.xml
Baixando arquivo: http://politicas.icpbrasil.gov.br/PA_PAdES_AD_RA_v1_0.der
Baixando arquivo: http://politicas.icpbrasil.gov.br/PA_AD_RA_v1_2.xml
[INFO] Arquivo de hash baixado: validacao-hash/PA_AD_RB_v2_2der-sha256.txt
[INFO] Arquivo de hash baixado: validacao-hash/PA_AD_RT_v2_2der-sha256.txt
[INFO] Arquivo de hash baixado: validacao-hash/ICP_BR_Extensoes_PAdES_asn-sha256.txt
[INFO] Arquivo de hash baixado: validacao-hash/PA_AD_RB_v1_1xml-sha256.txt
[INFO] Arquivo de hash baixado: validacao-hash/PA_AD_RV_v2_4der-sha256.txt
[INFO] Arquivo de hash baixado: validacao-hash/PA_AD_RC_v2_4der-sha256.txt
[INFO] Arquivo de hash baixado: validacao-hash/PA_PAdES_AD_RC_v1_2der-sha256.txt
[INFO] Arquivo de hash baixado: validacao-hash/PA_AD_RB_v2_2xml-sha256.txt
[INFO] Arquivo de hash baixado: validacao-hash/PA_AD_RV_v1_1der-sha256.txt
[INFO] Arquivo de hash baixado: validacao-hash/PA_AD_RT_v2_0xml-sha256.txt
[INFO] Arquivo de hash baixado: validacao-hash/PA_AD_RV_v2_2der-sha256.txt
[INFO] Arquivo de hash baixado: validacao-hash/PA_AD_RC_v2_1xml-sha256.txt
[INFO] Arquivo de hash baixado: validacao-hash/PA_AD_RV_xml-sha256.txt
[INFO] Arquivo de hash baixado: validacao-hash/PA_AD_RB_xml-sha256.txt
[INFO] Arquivo de hash baixado: validacao-hash/PA_AD_RA_v2_3xml-sha256.txt
[INFO] Arquivo de hash baixado: validacao-hash/PA_AD_RB_v2_3der-sha256.txt
[INFO] Arquivo de hash baixado: validacao-hash/PA_AD_RV_v2_1der-sha256.txt
[INFO] Arquivo de hash baixado: validacao-hash/PA_AD_RC_xml-sha256.txt
[INFO] Arquivo de hash baixado: validacao-hash/PA_AD_RB_v1_2xml-sha256.txt
[INFO] Arquivo de hash baixado: validacao-hash/PA_AD_RB_v2_5xml-sha256.txt
[INFO] Arquivo de hash baixado: validacao-hash/PA_AD_RV_v2_3der-sha256.txt
[INFO] Arquivo de hash baixado: validacao-hash/PA_AD_RA_v1_2xml-sha256.txt
[INFO] Arquivo de hash baixado: validacao-hash/PA_PAdES_AD_RT_v1_0der-sha256.txt
[INFO] Arquivo de hash baixado: validacao-hash/PA_AD_RT_v2_5xml-sha256.txt
[INFO] Arquivo de hash baixado: validacao-hash/PA_AD_RT_v2_2xml-sha256.txt
[INFO] Arquivo de hash baixado: validacao-hash/PA_PAdES_AD_RB_v1_2der-sha256.txt
[INFO] Arquivo de hash baixado: validacao-hash/PA_AD_RT_v2_4xml-sha256.txt
[INFO] Arquivo de hash baixado: validacao-hash/PA_AD_RT_der-sha256.txt
[INFO] Arquivo de hash baixado: validacao-hash/PA_PAdES_AD_RB_v1_1der-sha256.txt
[INFO] Arquivo de hash baixado: validacao-hash/PA_AD_RV_v2_2xml-sha256.txt
[INFO] Arquivo de hash baixado: validacao-hash/PA_AD_RA_v2_2xml-sha256.txt
[INFO] Arquivo de hash baixado: validacao-hash/PA_AD_RT_v2_1xml-sha256.txt
[INFO] Arquivo de hash baixado: validacao-hash/PA_AD_RB_der-sha256.txt
[INFO] Arquivo de hash baixado: validacao-hash/PA_PAdES_AD_RB_v1_0der-sha256.txt
[INFO] Arquivo de hash baixado: validacao-hash/PA_PAdES_AD_RC_v1_1der-sha256.txt
[INFO] Arquivo de hash baixado: validacao-hash/PA_AD_RV_v2_4xml-sha256.txt
[INFO] Arquivo de hash baixado: validacao-hash/PA_AD_RT_v1_1xml-sha256.txt
[INFO] Arquivo de hash baixado: validacao-hash/PA_AD_RB_v2_4der-sha256.txt
[INFO] Arquivo de hash baixado: validacao-hash/PA_AD_RB_v2_3xml-sha256.txt
[INFO] Arquivo de hash baixado: validacao-hash/PA_PAdES_AD_RA_v1_3der-sha256.txt
[INFO] Arquivo de hash baixado: validacao-hash/PA_PAdES_AD_RT_v1_1der-sha256.txt
[INFO] Arquivo de hash baixado: validacao-hash/PA_AD_RC_v2_3der-sha256.txt
[INFO] Arquivo de hash baixado: validacao-hash/PA_PAdES_AD_RT_v1_2der-sha256.txt
[INFO] Arquivo de hash baixado: validacao-hash/PA_AD_RT_v2_1der-sha256.txt
[INFO] Arquivo de hash baixado: validacao-hash/PA_AD_RC_v2_3xml-sha256.txt
[INFO] Arquivo de hash baixado: validacao-hash/PA_AD_RC_v2_2der-sha256.txt
[INFO] Arquivo de hash baixado: validacao-hash/PA_AD_RV_v1_2xml-sha256.txt
[INFO] Arquivo de hash baixado: validacao-hash/PA_AD_RV_v1_1xml-sha256.txt
[INFO] Arquivo de hash baixado: validacao-hash/PA_AD_RB_v2_0xml-sha256.txt
[INFO] Arquivo de hash baixado: validacao-hash/PA_AD_RT_v2_0der-sha256.txt
[INFO] Arquivo de hash baixado: validacao-hash/LPA_XAdES_xsd-sha256.txt
[INFO] Arquivo de hash baixado: validacao-hash/PA_AD_RT_v1_2xml-sha256.txt
[INFO] Arquivo de hash baixado: validacao-hash/PA_xsd-sha256.txt
[INFO] Arquivo de hash baixado: validacao-hash/PA_AD_RT_v1_1der-sha256.txt
[INFO] Arquivo de hash baixado: validacao-hash/PA_AD_RV_v2_0der-sha256.txt
[INFO] Arquivo de hash baixado: validacao-hash/PA_AD_RB_v2_1xml-sha256.txt
[INFO] Arquivo de hash baixado: validacao-hash/PA_PAdES_AD_RC_v1_3der-sha256.txt
[INFO] Arquivo de hash baixado: validacao-hash/PA_AD_RA_v2_4der-sha256.txt
[INFO] Arquivo de hash baixado: validacao-hash/PA_AD_RB_v1_1der-sha256.txt
[INFO] Arquivo de hash baixado: validacao-hash/PA_PAdES_AD_RC_v1_0der-sha256.txt
[INFO] Arquivo de hash baixado: validacao-hash/PA_AD_RT_v2_3xml-sha256.txt
[INFO] Arquivo de hash baixado: validacao-hash/PA_AD_RV_v2_1xml-sha256.txt
[INFO] Arquivo de hash baixado: validacao-hash/PA_AD_RB_v2_4xml-sha256.txt
[INFO] Arquivo de hash baixado: validacao-hash/PA_AD_RA_v2_1der-sha256.txt
[INFO] Arquivo de hash baixado: validacao-hash/PA_AD_RV_v2_3xml-sha256.txt
[INFO] Arquivo de hash baixado: validacao-hash/PA_AD_RT_xml-sha256.txt
[INFO] Arquivo de hash baixado: validacao-hash/PA_AD_RT_v2_3der-sha256.txt
[INFO] Arquivo de hash baixado: validacao-hash/PA_AD_RC_v2_0der-sha256.txt
[INFO] Arquivo de hash baixado: validacao-hash/PA_AD_RV_v2_5xml-sha256.txt
[INFO] Arquivo de hash baixado: validacao-hash/PA_PAdES_AD_RA_v1_1der-sha256.txt
[INFO] Arquivo de hash baixado: validacao-hash/PA_AD_RA_der-sha256.txt
[INFO] Arquivo de hash baixado: validacao-hash/PA_AD_RC_v2_1der-sha256.txt
[INFO] Arquivo de hash baixado: validacao-hash/PA_AD_RC_v1_1xml-sha256.txt
[INFO] Arquivo de hash baixado: validacao-hash/PA_AD_RV_v2_0xml-sha256.txt
[INFO] Arquivo de hash baixado: validacao-hash/PA_AD_RV_der-sha256.txt
[INFO] Arquivo de hash baixado: validacao-hash/PA_AD_RA_v2_0der-sha256.txt
[INFO] Arquivo de hash baixado: validacao-hash/PA_AD_RA_xml-sha256.txt
[INFO] Arquivo de hash baixado: validacao-hash/PA_AD_RC_v2_2xml-sha256.txt
[INFO] Arquivo de hash baixado: validacao-hash/PA_PAdES_AD_RA_v1_2der-sha256.txt
[INFO] Arquivo de hash baixado: validacao-hash/PA_AD_RT_v2_4der-sha256.txt
[INFO] Arquivo de hash baixado: validacao-hash/PA_AD_RC_v2_5xml-sha256.txt
[INFO] Arquivo de hash baixado: validacao-hash/PA_AD_RC_v1_1der-sha256.txt
[INFO] Arquivo de hash baixado: validacao-hash/PA_AD_RC_der-sha256.txt
[INFO] Arquivo de hash baixado: validacao-hash/PA_AD_RA_v2_1xml-sha256.txt
[INFO] Arquivo de hash baixado: validacao-hash/PA_AD_RA_v2_4xml-sha256.txt
[INFO] Arquivo de hash baixado: validacao-hash/PA_AD_RA_v2_3der-sha256.txt
[INFO] Arquivo de hash baixado: validacao-hash/LPAv2_asn-sha256.txt
[INFO] Arquivo de hash baixado: validacao-hash/PA_AD_RA_v2_2der-sha256.txt
[INFO] Arquivo de hash baixado: validacao-hash/PA_AD_RC_v2_0xml-sha256.txt
[INFO] Arquivo de hash baixado: validacao-hash/PA_AD_RA_v1_1der-sha256.txt
[INFO] Arquivo de hash baixado: validacao-hash/PA_AD_RA_v1_2der-sha256.txt
[INFO] Arquivo de hash baixado: validacao-hash/PA_AD_RA_v2_0xml-sha256.txt
[INFO] Arquivo de hash baixado: validacao-hash/PA_AD_RC_v2_4xml-sha256.txt
[INFO] Arquivo de hash baixado: validacao-hash/PA_AD_RA_v1_1xml-sha256.txt
[INFO] Arquivo de hash baixado: validacao-hash/PA_PAdES_AD_RA_v1_0der-sha256.txt
[INFO] Arquivo de hash baixado: validacao-hash/PA_AD_RB_v2_0der-sha256.txt
[INFO] Arquivo de hash baixado: validacao-hash/PA_AD_RB_v2_1der-sha256.txt
[INFO] Arquivo de hash baixado: validacao-hash/PA_AD_RA_v2_5xml-sha256.txt
[INFO] Arquivo de hash baixado: validacao-hash/PA_AD_RA_v2_5der-sha256.txt
[INFO] Arquivo de hash baixado: validacao-hash/PA_AD_RC_v1_2xml-sha256.txt
[ERRO] Falha ao validar hash de politicas-baixadas/LPAv2.asn: Arquivo de hash baixado é HTML (erro de download ou 404).
[ERRO] Falha ao validar hash de politicas-baixadas/ICP_BR_Extensoes_PAdES.asn: Arquivo de hash baixado é HTML (erro de download ou 404).
[ERRO] Falha ao validar hash de politicas-baixadas/PA_AD_RC_v2_3.der: Arquivo de hash baixado é HTML (erro de download ou 404).
[ERRO] Falha ao validar hash de politicas-baixadas/PA_AD_RT_v2_3.der: Arquivo de hash baixado é HTML (erro de download ou 404).
[ERRO] Falha ao validar hash de politicas-baixadas/PA_AD_RV_v2_3.der: Arquivo de hash baixado é HTML (erro de download ou 404).
[ERRO] Falha ao validar hash de politicas-baixadas/PA_PAdES_AD_RC_v1_2.der: Arquivo de hash baixado é HTML (erro de download ou 404).
[ERRO] Falha ao validar hash de politicas-baixadas/PA_AD_RC_v2_4.der: Arquivo de hash baixado é HTML (erro de download ou 404).
[ERRO] Falha ao validar hash de politicas-baixadas/PA_AD_RC.der: Arquivo de hash baixado é HTML (erro de download ou 404).
[ERRO] Falha ao validar hash de politicas-baixadas/PA_AD_RB.der: Arquivo de hash baixado é HTML (erro de download ou 404).
[ERRO] Falha ao validar hash de politicas-baixadas/PA_AD_RV_v2_2.xml: Arquivo de hash baixado é HTML (erro de download ou 404).
[ERRO] Falha ao validar hash de politicas-baixadas/PA_AD_RT_v2_1.xml: Arquivo de hash baixado é HTML (erro de download ou 404).
[ERRO] Falha ao validar hash de politicas-baixadas/PA_AD_RB_v1_2.xml: Arquivo de hash baixado é HTML (erro de download ou 404).
[ERRO] Falha ao validar hash de politicas-baixadas/PA_AD_RB.xml: Arquivo de hash baixado é HTML (erro de download ou 404).
[ERRO] Falha ao validar hash de politicas-baixadas/PA_AD_RC_v2_0.xml: Arquivo de hash baixado é HTML (erro de download ou 404).
[ERRO] Falha ao validar hash de politicas-baixadas/PA_AD_RB_v2_1.der: Arquivo de hash baixado é HTML (erro de download ou 404).
[ERRO] Falha ao validar hash de politicas-baixadas/PA_AD_RT_v2_4.der: Arquivo de hash baixado é HTML (erro de download ou 404).
[ERRO] Falha ao validar hash de politicas-baixadas/PA_AD_RV_v2_2.der: Arquivo de hash baixado é HTML (erro de download ou 404).
[ERRO] Falha ao validar hash de politicas-baixadas/PA_AD_RA_v2_4.der: Arquivo de hash baixado é HTML (erro de download ou 404).
[ERRO] Falha ao validar hash de politicas-baixadas/PA_PAdES_AD_RT_v1_0.der: Arquivo de hash baixado é HTML (erro de download ou 404).
[ERRO] Falha ao validar hash de politicas-baixadas/PA_AD_RT_v2_2.der: Arquivo de hash baixado é HTML (erro de download ou 404).
[ERRO] Falha ao validar hash de politicas-baixadas/PA_AD_RB_v2_2.der: Arquivo de hash baixado é HTML (erro de download ou 404).
[ERRO] Falha ao validar hash de politicas-baixadas/PA.xsd: Arquivo de hash baixado é HTML (erro de download ou 404).
[ERRO] Falha ao validar hash de politicas-baixadas/PA_AD_RV.der: Arquivo de hash baixado é HTML (erro de download ou 404).
[ERRO] Falha ao validar hash de politicas-baixadas/PA_AD_RV_v1_1.xml: Arquivo de hash baixado é HTML (erro de download ou 404).
[ERRO] Falha ao validar hash de politicas-baixadas/PA_AD_RA_v2_3.der: Arquivo de hash baixado é HTML (erro de download ou 404).
[ERRO] Falha ao validar hash de politicas-baixadas/PA_PAdES_AD_RC_v1_1.der: Arquivo de hash baixado é HTML (erro de download ou 404).
[ERRO] Falha ao validar hash de politicas-baixadas/PA_PAdES_AD_RA_v1_1.der: Arquivo de hash baixado é HTML (erro de download ou 404).
[ERRO] Falha ao validar hash de politicas-baixadas/PA_PAdES_AD_RC_v1_0.der: Arquivo de hash baixado é HTML (erro de download ou 404).
[ERRO] Falha ao validar hash de politicas-baixadas/PA_PAdES_AD_RA_v1_0.der: Arquivo de hash baixado é HTML (erro de download ou 404).
[ERRO] Falha ao validar hash de politicas-baixadas/PA_AD_RB_v2_1.xml: Arquivo de hash baixado é HTML (erro de download ou 404).
[ERRO] Falha ao validar hash de politicas-baixadas/PA_AD_RB_v2_2.xml: Arquivo de hash baixado é HTML (erro de download ou 404).
[ERRO] Falha ao validar hash de politicas-baixadas/PA_AD_RB_v2_0.xml: Arquivo de hash baixado é HTML (erro de download ou 404).
[ERRO] Falha ao validar hash de politicas-baixadas/PA_AD_RA_v1_2.xml: Arquivo de hash baixado é HTML (erro de download ou 404).
[ERRO] Falha ao validar hash de politicas-baixadas/PA_AD_RT_v1_2.xml: Arquivo de hash baixado é HTML (erro de download ou 404).
[ERRO] Falha ao validar hash de politicas-baixadas/PA_AD_RT_v2_3.xml: Arquivo de hash baixado é HTML (erro de download ou 404).
[ERRO] Falha ao validar hash de politicas-baixadas/PA_AD_RC_v1_2.xml: Arquivo de hash baixado é HTML (erro de download ou 404).
[ERRO] Falha ao validar hash de politicas-baixadas/PA_AD_RC_v2_2.xml: Arquivo de hash baixado é HTML (erro de download ou 404).
[ERRO] Falha ao validar hash de politicas-baixadas/PA_AD_RT_v2_2.xml: Arquivo de hash baixado é HTML (erro de download ou 404).
[ERRO] Falha ao validar hash de politicas-baixadas/PA_AD_RV_v2_1.xml: Arquivo de hash baixado é HTML (erro de download ou 404).
[ERRO] Falha ao validar hash de politicas-baixadas/PA_AD_RA_v2_1.xml: Arquivo de hash baixado é HTML (erro de download ou 404).
[ERRO] Falha ao validar hash de politicas-baixadas/PA_AD_RA_v2_2.xml: Arquivo de hash baixado é HTML (erro de download ou 404).
[ERRO] Falha ao validar hash de politicas-baixadas/PA_AD_RB_v1_1.xml: Arquivo de hash baixado é HTML (erro de download ou 404).
[ERRO] Falha ao validar hash de politicas-baixadas/PA_AD_RC_v2_1.xml: Arquivo de hash baixado é HTML (erro de download ou 404).
[ERRO] Falha ao validar hash de politicas-baixadas/PA_AD_RA_v2_0.xml: Arquivo de hash baixado é HTML (erro de download ou 404).
[ERRO] Falha ao validar hash de politicas-baixadas/PA_AD_RB_v2_3.xml: Arquivo de hash baixado é HTML (erro de download ou 404).
[ERRO] Falha ao validar hash de politicas-baixadas/PA_AD_RC.xml: Arquivo de hash baixado é HTML (erro de download ou 404).
[ERRO] Falha ao validar hash de politicas-baixadas/PA_AD_RT_v1_1.xml: Arquivo de hash baixado é HTML (erro de download ou 404).
[ERRO] Falha ao validar hash de politicas-baixadas/PA_AD_RC_v1_1.xml: Arquivo de hash baixado é HTML (erro de download ou 404).
[ERRO] Falha ao validar hash de politicas-baixadas/PA_AD_RC_v2_3.xml: Arquivo de hash baixado é HTML (erro de download ou 404).
[ERRO] Falha ao validar hash de politicas-baixadas/PA_AD_RA.xml: Arquivo de hash baixado é HTML (erro de download ou 404).
[ERRO] Falha ao validar hash de politicas-baixadas/PA_AD_RA_v1_1.xml: Arquivo de hash baixado é HTML (erro de download ou 404).
[ERRO] Falha ao validar hash de politicas-baixadas/PA_AD_RT.xml: Arquivo de hash baixado é HTML (erro de download ou 404).
[ERRO] Falha ao validar hash de politicas-baixadas/PA_AD_RA_v2_3.xml: Arquivo de hash baixado é HTML (erro de download ou 404).
[ERRO] Falha ao validar hash de politicas-baixadas/PA_AD_RV_v1_2.xml: Arquivo de hash baixado é HTML (erro de download ou 404).
[ERRO] Falha ao validar hash de politicas-baixadas/PA_AD_RV.xml: Arquivo de hash baixado é HTML (erro de download ou 404).
[ERRO] Falha ao validar hash de politicas-baixadas/PA_AD_RV_v2_3.xml: Arquivo de hash baixado é HTML (erro de download ou 404).
[ERRO] Falha ao validar hash de politicas-baixadas/PA_AD_RV_v1_1.der: Arquivo de hash baixado é HTML (erro de download ou 404).
[ERRO] Falha ao validar hash de politicas-baixadas/PA_AD_RA_v2_1.der: Arquivo de hash baixado é HTML (erro de download ou 404).
[ERRO] Falha ao validar hash de politicas-baixadas/PA_AD_RA_v1_1.der: Arquivo de hash baixado é HTML (erro de download ou 404).
[ERRO] Falha ao validar hash de politicas-baixadas/PA_AD_RA_v1_2.der: Arquivo de hash baixado é HTML (erro de download ou 404).
[ERRO] Falha ao validar hash de politicas-baixadas/PA_AD_RC_v2_4.xml: Arquivo de hash baixado é HTML (erro de download ou 404).
[ERRO] Falha ao validar hash de politicas-baixadas/PA_AD_RA_v2_2.der: Arquivo de hash baixado é HTML (erro de download ou 404).
[ERRO] Falha ao validar hash de politicas-baixadas/PA_AD_RT_v2_5.xml: Arquivo de hash baixado é HTML (erro de download ou 404).
[ERRO] Falha ao validar hash de politicas-baixadas/PA_AD_RT_v2_0.xml: Arquivo de hash baixado é HTML (erro de download ou 404).
[ERRO] Falha ao validar hash de politicas-baixadas/PA_AD_RB_v2_0.der: Arquivo de hash baixado é HTML (erro de download ou 404).
[ERRO] Falha ao validar hash de politicas-baixadas/LPA_XAdES.xsd: Arquivo de hash baixado é HTML (erro de download ou 404).
[ERRO] Falha ao validar hash de politicas-baixadas/PA_PAdES_AD_RB_v1_2.der: Arquivo de hash baixado é HTML (erro de download ou 404).
[ERRO] Falha ao validar hash de politicas-baixadas/PA_AD_RB_v2_4.der: Arquivo de hash baixado é HTML (erro de download ou 404).
[ERRO] Falha ao validar hash de politicas-baixadas/PA_AD_RB_v2_3.der: Arquivo de hash baixado é HTML (erro de download ou 404).
[ERRO] Falha ao validar hash de politicas-baixadas/PA_AD_RB_v2_5.xml: Arquivo de hash baixado é HTML (erro de download ou 404).
[ERRO] Falha ao validar hash de politicas-baixadas/PA_PAdES_AD_RB_v1_1.der: Arquivo de hash baixado é HTML (erro de download ou 404).
[ERRO] Falha ao validar hash de politicas-baixadas/PA_AD_RT_v2_1.der: Arquivo de hash baixado é HTML (erro de download ou 404).
[ERRO] Falha ao validar hash de politicas-baixadas/PA_AD_RV_v2_4.der: Arquivo de hash baixado é HTML (erro de download ou 404).
[ERRO] Falha ao validar hash de politicas-baixadas/PA_AD_RC_v2_1.der: Arquivo de hash baixado é HTML (erro de download ou 404).
[ERRO] Falha ao validar hash de politicas-baixadas/PA_AD_RA_v2_0.der: Arquivo de hash baixado é HTML (erro de download ou 404).
[ERRO] Falha ao validar hash de politicas-baixadas/PA_PAdES_AD_RA_v1_3.der: Arquivo de hash baixado é HTML (erro de download ou 404).
[ERRO] Falha ao validar hash de politicas-baixadas/PA_PAdES_AD_RA_v1_2.der: Arquivo de hash baixado é HTML (erro de download ou 404).
[ERRO] Falha ao validar hash de politicas-baixadas/PA_AD_RV_v2_0.der: Arquivo de hash baixado é HTML (erro de download ou 404).
[ERRO] Falha ao validar hash de politicas-baixadas/PA_AD_RB_v2_4.xml: Arquivo de hash baixado é HTML (erro de download ou 404).
[ERRO] Falha ao validar hash de politicas-baixadas/PA_AD_RC_v2_0.der: Arquivo de hash baixado é HTML (erro de download ou 404).
[ERRO] Falha ao validar hash de politicas-baixadas/PA_AD_RA_v2_5.der: Arquivo de hash baixado é HTML (erro de download ou 404).
[ERRO] Falha ao validar hash de politicas-baixadas/PA_PAdES_AD_RB_v1_0.der: Arquivo de hash baixado é HTML (erro de download ou 404).
[ERRO] Falha ao validar hash de politicas-baixadas/PA_PAdES_AD_RC_v1_3.der: Arquivo de hash baixado é HTML (erro de download ou 404).
[ERRO] Falha ao validar hash de politicas-baixadas/PA_AD_RT.der: Arquivo de hash baixado é HTML (erro de download ou 404).
[ERRO] Falha ao validar hash de politicas-baixadas/PA_AD_RA.der: Arquivo de hash baixado é HTML (erro de download ou 404).
[ERRO] Falha ao validar hash de politicas-baixadas/PA_AD_RV_v2_0.xml: Arquivo de hash baixado é HTML (erro de download ou 404).
[ERRO] Falha ao validar hash de politicas-baixadas/PA_AD_RT_v1_1.der: Arquivo de hash baixado é HTML (erro de download ou 404).
[ERRO] Falha ao validar hash de politicas-baixadas/PA_AD_RT_v2_4.xml: Arquivo de hash baixado é HTML (erro de download ou 404).
[ERRO] Falha ao validar hash de politicas-baixadas/PA_AD_RC_v2_2.der: Arquivo de hash baixado é HTML (erro de download ou 404).
[ERRO] Falha ao validar hash de politicas-baixadas/PA_AD_RV_v2_4.xml: Arquivo de hash baixado é HTML (erro de download ou 404).
[ERRO] Falha ao validar hash de politicas-baixadas/PA_AD_RB_v1_1.der: Arquivo de hash baixado é HTML (erro de download ou 404).
[ERRO] Falha ao validar hash de politicas-baixadas/PA_AD_RA_v2_4.xml: Arquivo de hash baixado é HTML (erro de download ou 404).
[ERRO] Falha ao validar hash de politicas-baixadas/PA_AD_RC_v2_5.xml: Arquivo de hash baixado é HTML (erro de download ou 404).
[ERRO] Falha ao validar hash de politicas-baixadas/PA_AD_RV_v2_5.xml: Arquivo de hash baixado é HTML (erro de download ou 404).
[ERRO] Falha ao validar hash de politicas-baixadas/PA_AD_RT_v2_0.der: Arquivo de hash baixado é HTML (erro de download ou 404).
[ERRO] Falha ao validar hash de politicas-baixadas/PA_AD_RV_v2_1.der: Arquivo de hash baixado é HTML (erro de download ou 404).
[ERRO] Falha ao validar hash de politicas-baixadas/PA_AD_RC_v1_1.der: Arquivo de hash baixado é HTML (erro de download ou 404).
[ERRO] Falha ao validar hash de politicas-baixadas/PA_AD_RA_v2_5.xml: Arquivo de hash baixado é HTML (erro de download ou 404).
Baixando arquivo: http://politicas.icpbrasil.gov.br/LPAv2.asn
Baixando arquivo: http://politicas.icpbrasil.gov.br/PA_AD_RB_v2_2xml-sha256.txt
Baixando arquivo: http://politicas.icpbrasil.gov.br/PA_AD_RA_v2_4der-sha256.txt
Baixando arquivo: http://politicas.icpbrasil.gov.br/PA_AD_RA_v2_2xml-sha256.txt
Baixando arquivo: http://politicas.icpbrasil.gov.br/PA_AD_RA_v2_1xml-sha256.txt
Baixando arquivo: http://politicas.icpbrasil.gov.br/PA_PAdES_AD_RA_v1_2.der
Baixando arquivo: http://politicas.icpbrasil.gov.br/PA_PAdES_AD_RA_v1_3der-sha256.txt
Baixando arquivo: http://politicas.icpbrasil.gov.br/LPAv2_asn-sha256.txt
Baixando arquivo: http://politicas.icpbrasil.gov.br/ICP_BR_Extensoes_PAdES.asn
Baixando arquivo: http://politicas.icpbrasil.gov.br/ICP_BR_Extensoes_PAdES_asn-sha256.txt
Baixando arquivo: http://politicas.icpbrasil.gov.br/PA_AD_RB_v2_3.der
Baixando arquivo: http://politicas.icpbrasil.gov.br/PA_AD_RB_v1_1der-sha256.txt
Baixando arquivo: http://politicas.icpbrasil.gov.br/PA_AD_RB_v2_0.der
Baixando arquivo: http://politicas.icpbrasil.gov.br/PA_AD_RB_v2_0der-sha256.txt
Baixando arquivo: http://politicas.icpbrasil.gov.br/PA_AD_RB_v2_1.der
Baixando arquivo: http://politicas.icpbrasil.gov.br/PA_AD_RB.der
Baixando arquivo: http://politicas.icpbrasil.gov.br/PA_AD_RB_v2_1der-sha256.txt
Baixando arquivo: http://politicas.icpbrasil.gov.br/PA_AD_RB_v2_2.der
Baixando arquivo: http://politicas.icpbrasil.gov.br/PA_AD_RB_der-sha256.txt
Baixando arquivo: http://politicas.icpbrasil.gov.br/PA_AD_RB_v2_2der-sha256.txt
Baixando arquivo: http://politicas.icpbrasil.gov.br/PA_xsd-sha256.txt
Baixando arquivo: http://politicas.icpbrasil.gov.br/PA.xsd
Baixando arquivo: http://politicas.icpbrasil.gov.br/PA_AD_RB_v2_4.xml
Baixando arquivo: http://politicas.icpbrasil.gov.br/PA_AD_RB_v2_3der-sha256.txt
Baixando arquivo: http://politicas.icpbrasil.gov.br/LPA_XAdES.xsd
Baixando arquivo: http://politicas.icpbrasil.gov.br/PA_AD_RB_v2_4.der
Baixando arquivo: http://politicas.icpbrasil.gov.br/PA_AD_RB_v2_4der-sha256.txt
Baixando arquivo: http://politicas.icpbrasil.gov.br/LPA_XAdES_xsd-sha256.txt
Baixando arquivo: http://politicas.icpbrasil.gov.br/PA_PAdES_AD_RB_v1_2der-sha256.txt
Baixando arquivo: http://politicas.icpbrasil.gov.br/PA_AD_RB_v2_4xml-sha256.txt
Baixando arquivo: http://politicas.icpbrasil.gov.br/PA_AD_RB.xml
Baixando arquivo: http://politicas.icpbrasil.gov.br/PA_AD_RB_v2_5.xml
Baixando arquivo: http://politicas.icpbrasil.gov.br/PA_AD_RB_xml-sha256.txt
Baixando arquivo: http://politicas.icpbrasil.gov.br/PA_AD_RB_v2_5xml-sha256.txt
Baixando arquivo: http://politicas.icpbrasil.gov.br/PA_AD_RB_v1_1.xml
Baixando arquivo: http://politicas.icpbrasil.gov.br/PA_PAdES_AD_RB_v1_0.der
Baixando arquivo: http://politicas.icpbrasil.gov.br/PA_AD_RB_v1_1xml-sha256.txt
Baixando arquivo: http://politicas.icpbrasil.gov.br/PA_PAdES_AD_RB_v1_0der-sha256.txt
Baixando arquivo: http://politicas.icpbrasil.gov.br/PA_AD_RB_v1_2.xml
Baixando arquivo: http://politicas.icpbrasil.gov.br/PA_AD_RB_v1_2xml-sha256.txt
Baixando arquivo: http://politicas.icpbrasil.gov.br/PA_AD_RB_v2_0.xml
Baixando arquivo: http://politicas.icpbrasil.gov.br/PA_AD_RB_v2_0xml-sha256.txt
Baixando arquivo: http://politicas.icpbrasil.gov.br/PA_AD_RB_v2_1.xml
Baixando arquivo: http://politicas.icpbrasil.gov.br/PA_AD_RB_v2_1xml-sha256.txt
Baixando arquivo: http://politicas.icpbrasil.gov.br/PA_AD_RB_v2_2.xml
Baixando arquivo: http://politicas.icpbrasil.gov.br/PA_AD_RT_v2_3.der
Baixando arquivo: http://politicas.icpbrasil.gov.br/PA_AD_RT_v2_3der-sha256.txt
Baixando arquivo: http://politicas.icpbrasil.gov.br/PA_AD_RT_v2_4.der
Baixando arquivo: http://politicas.icpbrasil.gov.br/PA_AD_RT_v2_4der-sha256.txt
Baixando arquivo: http://politicas.icpbrasil.gov.br/PA_AD_RT.xml
Baixando arquivo: http://politicas.icpbrasil.gov.br/PA_AD_RT_xml-sha256.txt
Baixando arquivo: http://politicas.icpbrasil.gov.br/PA_AD_RT_v1_1.xml
Baixando arquivo: http://politicas.icpbrasil.gov.br/PA_AD_RT_v1_1xml-sha256.txt
Baixando arquivo: http://politicas.icpbrasil.gov.br/PA_AD_RT_v1_2.xml
Baixando arquivo: http://politicas.icpbrasil.gov.br/PA_PAdES_AD_RB_v1_1.der
Baixando arquivo: http://politicas.icpbrasil.gov.br/PA_AD_RT_v1_2xml-sha256.txt
Baixando arquivo: http://politicas.icpbrasil.gov.br/PA_PAdES_AD_RB_v1_1der-sha256.txt
Baixando arquivo: http://politicas.icpbrasil.gov.br/PA_AD_RT_v2_0.xml
Baixando arquivo: http://politicas.icpbrasil.gov.br/PA_AD_RT_v2_0xml-sha256.txt
Baixando arquivo: http://politicas.icpbrasil.gov.br/PA_AD_RT_v2_1.xml
Baixando arquivo: http://politicas.icpbrasil.gov.br/PA_PAdES_AD_RB_v1_2.der
Baixando arquivo: http://politicas.icpbrasil.gov.br/PA_AD_RC_v1_2xml-sha256.txt
Baixando arquivo: http://politicas.icpbrasil.gov.br/PA_AD_RT_v2_1xml-sha256.txt
Baixando arquivo: http://politicas.icpbrasil.gov.br/PA_AD_RC_v2_0.xml
Baixando arquivo: http://politicas.icpbrasil.gov.br/PA_AD_RT_v2_2.xml
Baixando arquivo: http://politicas.icpbrasil.gov.br/PA_AD_RC_v2_0xml-sha256.txt
Baixando arquivo: http://politicas.icpbrasil.gov.br/PA_AD_RC_v2_1.xml
Baixando arquivo: http://politicas.icpbrasil.gov.br/PA_AD_RT_v2_2xml-sha256.txt
Baixando arquivo: http://politicas.icpbrasil.gov.br/PA_AD_RT_v2_3.xml
Baixando arquivo: http://politicas.icpbrasil.gov.br/PA_AD_RT_v2_3xml-sha256.txt
Baixando arquivo: http://politicas.icpbrasil.gov.br/PA_AD_RC_v2_1xml-sha256.txt
Baixando arquivo: http://politicas.icpbrasil.gov.br/PA_AD_RT_v2_4.xml
Baixando arquivo: http://politicas.icpbrasil.gov.br/PA_AD_RC_v2_2.xml
Baixando arquivo: http://politicas.icpbrasil.gov.br/PA_AD_RT_v2_4xml-sha256.txt
Baixando arquivo: http://politicas.icpbrasil.gov.br/PA_AD_RC_v2_2xml-sha256.txt
Baixando arquivo: http://politicas.icpbrasil.gov.br/PA_AD_RT_v2_5.xml
Baixando arquivo: http://politicas.icpbrasil.gov.br/PA_AD_RC_v2_3.xml
Baixando arquivo: http://politicas.icpbrasil.gov.br/PA_AD_RT_v2_5xml-sha256.txt
Baixando arquivo: http://politicas.icpbrasil.gov.br/PA_AD_RC_v2_3xml-sha256.txt
Baixando arquivo: http://politicas.icpbrasil.gov.br/PA_PAdES_AD_RT_v1_0.der
Baixando arquivo: http://politicas.icpbrasil.gov.br/PA_AD_RC_v2_4.xml
Baixando arquivo: http://politicas.icpbrasil.gov.br/PA_AD_RC_v2_4xml-sha256.txt
Baixando arquivo: http://politicas.icpbrasil.gov.br/PA_PAdES_AD_RT_v1_0der-sha256.txt
Baixando arquivo: http://politicas.icpbrasil.gov.br/PA_AD_RC_v2_5.xml
Baixando arquivo: http://politicas.icpbrasil.gov.br/PA_PAdES_AD_RT_v1_1der-sha256.txt
Baixando arquivo: http://politicas.icpbrasil.gov.br/PA_PAdES_AD_RT_v1_2der-sha256.txt
Baixando arquivo: http://politicas.icpbrasil.gov.br/PA_AD_RC_v2_5xml-sha256.txt
Baixando arquivo: http://politicas.icpbrasil.gov.br/PA_PAdES_AD_RC_v1_0.der
Baixando arquivo: http://politicas.icpbrasil.gov.br/PA_PAdES_AD_RC_v1_0der-sha256.txt
Baixando arquivo: http://politicas.icpbrasil.gov.br/PA_PAdES_AD_RC_v1_1.der
Baixando arquivo: http://politicas.icpbrasil.gov.br/PA_AD_RV.der
Baixando arquivo: http://politicas.icpbrasil.gov.br/PA_AD_RV_der-sha256.txt
Baixando arquivo: http://politicas.icpbrasil.gov.br/PA_AD_RV_v1_1.der
Baixando arquivo: http://politicas.icpbrasil.gov.br/PA_AD_RV_v1_1der-sha256.txt
Baixando arquivo: http://politicas.icpbrasil.gov.br/PA_AD_RV_v2_0.der
Baixando arquivo: http://politicas.icpbrasil.gov.br/PA_PAdES_AD_RC_v1_1der-sha256.txt
Baixando arquivo: http://politicas.icpbrasil.gov.br/PA_AD_RV_v2_0der-sha256.txt
Baixando arquivo: http://politicas.icpbrasil.gov.br/PA_PAdES_AD_RC_v1_2.der
Baixando arquivo: http://politicas.icpbrasil.gov.br/PA_AD_RV_v2_1.der
Baixando arquivo: http://politicas.icpbrasil.gov.br/PA_PAdES_AD_RC_v1_2der-sha256.txt
Baixando arquivo: http://politicas.icpbrasil.gov.br/PA_AD_RV_v2_1der-sha256.txt
Baixando arquivo: http://politicas.icpbrasil.gov.br/PA_PAdES_AD_RC_v1_3.der
Baixando arquivo: http://politicas.icpbrasil.gov.br/PA_AD_RV_v2_2.der
Baixando arquivo: http://politicas.icpbrasil.gov.br/PA_AD_RV_v2_2der-sha256.txt
Baixando arquivo: http://politicas.icpbrasil.gov.br/PA_AD_RV_v2_3.der
Baixando arquivo: http://politicas.icpbrasil.gov.br/PA_AD_RV_v2_3der-sha256.txt
Baixando arquivo: http://politicas.icpbrasil.gov.br/PA_PAdES_AD_RC_v1_3der-sha256.txt
Baixando arquivo: http://politicas.icpbrasil.gov.br/PA_AD_RV_v2_4.der
Baixando arquivo: http://politicas.icpbrasil.gov.br/PA_AD_RA.der
Baixando arquivo: http://politicas.icpbrasil.gov.br/PA_AD_RV_v2_4der-sha256.txt
Baixando arquivo: http://politicas.icpbrasil.gov.br/PA_AD_RA_der-sha256.txt
Baixando arquivo: http://politicas.icpbrasil.gov.br/PA_AD_RV.xml
Baixando arquivo: http://politicas.icpbrasil.gov.br/PA_AD_RA_v1_1.der
Baixando arquivo: http://politicas.icpbrasil.gov.br/PA_AD_RV_xml-sha256.txt
Baixando arquivo: http://politicas.icpbrasil.gov.br/PA_AD_RA_v1_1der-sha256.txt
Baixando arquivo: http://politicas.icpbrasil.gov.br/PA_AD_RV_v1_1.xml
Baixando arquivo: http://politicas.icpbrasil.gov.br/PA_AD_RA_v1_2.der
Baixando arquivo: http://politicas.icpbrasil.gov.br/PA_AD_RV_v1_1xml-sha256.txt
Baixando arquivo: http://politicas.icpbrasil.gov.br/PA_AD_RA_v1_2der-sha256.txt
Baixando arquivo: http://politicas.icpbrasil.gov.br/PA_AD_RV_v1_2.xml
Baixando arquivo: http://politicas.icpbrasil.gov.br/PA_AD_RA_v2_0.der
Baixando arquivo: http://politicas.icpbrasil.gov.br/PA_AD_RV_v1_2xml-sha256.txt
Baixando arquivo: http://politicas.icpbrasil.gov.br/PA_AD_RA_v2_0der-sha256.txt
Baixando arquivo: http://politicas.icpbrasil.gov.br/PA_AD_RV_v2_0.xml
Baixando arquivo: http://politicas.icpbrasil.gov.br/PA_AD_RA_v2_1.der
Baixando arquivo: http://politicas.icpbrasil.gov.br/PA_AD_RV_v2_0xml-sha256.txt
Baixando arquivo: http://politicas.icpbrasil.gov.br/PA_AD_RA_v2_1der-sha256.txt
Baixando arquivo: http://politicas.icpbrasil.gov.br/PA_AD_RV_v2_1.xml
Baixando arquivo: http://politicas.icpbrasil.gov.br/PA_AD_RA_v2_2.der
Baixando arquivo: http://politicas.icpbrasil.gov.br/PA_AD_RV_v2_1xml-sha256.txt
Baixando arquivo: http://politicas.icpbrasil.gov.br/PA_AD_RA_v2_2der-sha256.txt
Baixando arquivo: http://politicas.icpbrasil.gov.br/PA_AD_RV_v2_2.xml
Baixando arquivo: http://politicas.icpbrasil.gov.br/PA_AD_RA_v2_3.der
Baixando arquivo: http://politicas.icpbrasil.gov.br/PA_AD_RV_v2_2xml-sha256.txt
Baixando arquivo: http://politicas.icpbrasil.gov.br/PA_AD_RA_v2_3der-sha256.txt
Baixando arquivo: http://politicas.icpbrasil.gov.br/PA_AD_RV_v2_3.xml
Baixando arquivo: http://politicas.icpbrasil.gov.br/PA_AD_RA_v2_4.der
Baixando arquivo: http://politicas.icpbrasil.gov.br/PA_AD_RV_v2_3xml-sha256.txt
Baixando arquivo: http://politicas.icpbrasil.gov.br/PA_AD_RT_v2_2der-sha256.txt
Baixando arquivo: http://politicas.icpbrasil.gov.br/PA_AD_RT_v2_0der-sha256.txt
Baixando arquivo: http://politicas.icpbrasil.gov.br/PA_AD_RT_v2_1.der
Baixando arquivo: http://politicas.icpbrasil.gov.br/PA_AD_RT_v2_1der-sha256.txt
Baixando arquivo: http://politicas.icpbrasil.gov.br/PA_AD_RV_v2_4.xml
Baixando arquivo: http://politicas.icpbrasil.gov.br/PA_AD_RV_v2_4xml-sha256.txt
Baixando arquivo: http://politicas.icpbrasil.gov.br/PA_AD_RV_v2_5.xml
Baixando arquivo: http://politicas.icpbrasil.gov.br/PA_AD_RV_v2_5xml-sha256.txt
Baixando arquivo: http://politicas.icpbrasil.gov.br/PA_AD_RC.der
Baixando arquivo: http://politicas.icpbrasil.gov.br/PA_AD_RC_der-sha256.txt
Baixando arquivo: http://politicas.icpbrasil.gov.br/PA_AD_RC_v1_1.der
Baixando arquivo: http://politicas.icpbrasil.gov.br/PA_AD_RC_v1_1der-sha256.txt
Baixando arquivo: http://politicas.icpbrasil.gov.br/PA_AD_RC_v2_0.der
Baixando arquivo: http://politicas.icpbrasil.gov.br/PA_AD_RC_v2_0der-sha256.txt
Baixando arquivo: http://politicas.icpbrasil.gov.br/PA_AD_RC_v2_1.der
Baixando arquivo: http://politicas.icpbrasil.gov.br/PA_AD_RC_v2_1der-sha256.txt
Baixando arquivo: http://politicas.icpbrasil.gov.br/PA_AD_RC_v2_2.der
Baixando arquivo: http://politicas.icpbrasil.gov.br/PA_AD_RC_v2_2der-sha256.txt
Baixando arquivo: http://politicas.icpbrasil.gov.br/PA_AD_RC_v2_3.der
Baixando arquivo: http://politicas.icpbrasil.gov.br/PA_AD_RC_v2_3der-sha256.txt
Baixando arquivo: http://politicas.icpbrasil.gov.br/PA_AD_RC_v2_4.der
Baixando arquivo: http://politicas.icpbrasil.gov.br/PA_AD_RC_v2_4der-sha256.txt
Baixando arquivo: http://politicas.icpbrasil.gov.br/PA_AD_RT_v2_2.der
Baixando arquivo: http://politicas.icpbrasil.gov.br/PA_AD_RC.xml
Baixando arquivo: http://politicas.icpbrasil.gov.br/PA_AD_RT_der-sha256.txt
Baixando arquivo: http://politicas.icpbrasil.gov.br/PA_AD_RC_xml-sha256.txt
Baixando arquivo: http://politicas.icpbrasil.gov.br/PA_AD_RT_v2_0.der
Baixando arquivo: http://politicas.icpbrasil.gov.br/PA_AD_RT_v1_1.der
Baixando arquivo: http://politicas.icpbrasil.gov.br/PA_AD_RT.der
Baixando arquivo: http://politicas.icpbrasil.gov.br/PA_AD_RB_v2_3.xml
Baixando arquivo: http://politicas.icpbrasil.gov.br/PA_AD_RC_v1_1xml-sha256.txt
Baixando arquivo: http://politicas.icpbrasil.gov.br/PA_AD_RA_v1_2.xml
Baixando arquivo: http://politicas.icpbrasil.gov.br/PA_AD_RC_v1_1.xml
Baixando arquivo: http://politicas.icpbrasil.gov.br/PA_AD_RA_v2_5.der
Baixando arquivo: http://politicas.icpbrasil.gov.br/PA_AD_RA_v2_5der-sha256.txt
Baixando arquivo: http://politicas.icpbrasil.gov.br/PA_AD_RC_v1_2.xml
Baixando arquivo: http://politicas.icpbrasil.gov.br/PA_AD_RA_v1_1.xml
Baixando arquivo: http://politicas.icpbrasil.gov.br/PA_AD_RA.xml
Baixando arquivo: http://politicas.icpbrasil.gov.br/PA_AD_RA_xml-sha256.txt
Baixando arquivo: http://politicas.icpbrasil.gov.br/PA_AD_RA_v1_1xml-sha256.txt
Baixando arquivo: http://politicas.icpbrasil.gov.br/PA_AD_RA_v2_0xml-sha256.txt
Baixando arquivo: http://politicas.icpbrasil.gov.br/PA_AD_RA_v2_3.xml
Baixando arquivo: http://politicas.icpbrasil.gov.br/PA_AD_RA_v1_2xml-sha256.txt
Baixando arquivo: http://politicas.icpbrasil.gov.br/PA_AD_RB_v1_1.der
Baixando arquivo: http://politicas.icpbrasil.gov.br/PA_AD_RA_v2_3xml-sha256.txt
Baixando arquivo: http://politicas.icpbrasil.gov.br/PA_PAdES_AD_RA_v1_0der-sha256.txt
Baixando arquivo: http://politicas.icpbrasil.gov.br/PA_PAdES_AD_RA_v1_1.der
Baixando arquivo: http://politicas.icpbrasil.gov.br/PA_AD_RA_v2_0.xml
Baixando arquivo: http://politicas.icpbrasil.gov.br/PA_PAdES_AD_RA_v1_1der-sha256.txt
Baixando arquivo: http://politicas.icpbrasil.gov.br/PA_AD_RA_v2_4.xml
Baixando arquivo: http://politicas.icpbrasil.gov.br/PA_PAdES_AD_RA_v1_2der-sha256.txt
Baixando arquivo: http://politicas.icpbrasil.gov.br/PA_AD_RA_v2_4xml-sha256.txt
Baixando arquivo: http://politicas.icpbrasil.gov.br/PA_AD_RB_v2_3xml-sha256.txt
Baixando arquivo: http://politicas.icpbrasil.gov.br/PA_AD_RA_v2_5.xml
Baixando arquivo: http://politicas.icpbrasil.gov.br/PA_AD_RA_v2_5xml-sha256.txt
Baixando arquivo: http://politicas.icpbrasil.gov.br/PA_PAdES_AD_RA_v1_3.der
Baixando arquivo: http://politicas.icpbrasil.gov.br/PA_PAdES_AD_RA_v1_0.der
Baixando arquivo: http://politicas.icpbrasil.gov.br/PA_AD_RA_v2_2.xml
Baixando arquivo: http://politicas.icpbrasil.gov.br/PA_AD_RA_v2_1.xml
Baixando arquivo: http://politicas.icpbrasil.gov.br/PA_AD_RT_v1_1der-sha256.txt
[INFO] Arquivo de hash baixado: validacao-hash/PA_AD_RT_v1_1der-sha256.txt
[INFO] Arquivo de hash baixado: validacao-hash/PA_AD_RA_v2_1xml-sha256.txt
[INFO] Arquivo de hash baixado: validacao-hash/PA_AD_RA_v2_4der-sha256.txt
[INFO] Arquivo de hash baixado: validacao-hash/PA_AD_RA_der-sha256.txt
[INFO] Arquivo de hash baixado: validacao-hash/PA_AD_RT_v2_1xml-sha256.txt
[INFO] Arquivo de hash baixado: validacao-hash/PA_AD_RV_v2_3der-sha256.txt
[INFO] Arquivo de hash baixado: validacao-hash/PA_AD_RB_v2_0der-sha256.txt
[INFO] Arquivo de hash baixado: validacao-hash/PA_AD_RB_der-sha256.txt
[INFO] Arquivo de hash baixado: validacao-hash/PA_AD_RC_v1_2xml-sha256.txt
[INFO] Arquivo de hash baixado: validacao-hash/PA_AD_RV_v2_4der-sha256.txt
[INFO] Arquivo de hash baixado: validacao-hash/LPAv2_asn-sha256.txt
[INFO] Arquivo de hash baixado: validacao-hash/PA_AD_RB_v2_2der-sha256.txt
[INFO] Arquivo de hash baixado: validacao-hash/PA_AD_RB_v2_2xml-sha256.txt
[INFO] Arquivo de hash baixado: validacao-hash/PA_AD_RB_v1_1der-sha256.txt
[INFO] Arquivo de hash baixado: validacao-hash/ICP_BR_Extensoes_PAdES_asn-sha256.txt
[INFO] Arquivo de hash baixado: validacao-hash/PA_PAdES_AD_RC_v1_3der-sha256.txt
[INFO] Arquivo de hash baixado: validacao-hash/PA_AD_RB_v2_1der-sha256.txt
[INFO] Arquivo de hash baixado: validacao-hash/PA_AD_RA_v2_2xml-sha256.txt
[INFO] Arquivo de hash baixado: validacao-hash/PA_AD_RC_v2_5xml-sha256.txt
[INFO] Arquivo de hash baixado: validacao-hash/PA_PAdES_AD_RT_v1_2der-sha256.txt
[INFO] Arquivo de hash baixado: validacao-hash/PA_PAdES_AD_RA_v1_3der-sha256.txt
[INFO] Arquivo de hash baixado: validacao-hash/PA_PAdES_AD_RT_v1_1der-sha256.txt
[INFO] Arquivo de hash baixado: validacao-hash/PA_AD_RV_xml-sha256.txt
[INFO] Arquivo de hash baixado: validacao-hash/PA_AD_RB_v2_4der-sha256.txt
[INFO] Arquivo de hash baixado: validacao-hash/PA_AD_RA_v1_1der-sha256.txt
[INFO] Arquivo de hash baixado: validacao-hash/PA_PAdES_AD_RC_v1_0der-sha256.txt
[INFO] Arquivo de hash baixado: validacao-hash/LPA_XAdES_xsd-sha256.txt
[INFO] Arquivo de hash baixado: validacao-hash/PA_AD_RA_v1_2der-sha256.txt
[INFO] Arquivo de hash baixado: validacao-hash/PA_AD_RT_v2_3xml-sha256.txt
[INFO] Arquivo de hash baixado: validacao-hash/PA_AD_RT_v2_2xml-sha256.txt
[INFO] Arquivo de hash baixado: validacao-hash/PA_AD_RV_der-sha256.txt
[INFO] Arquivo de hash baixado: validacao-hash/PA_xsd-sha256.txt
[INFO] Arquivo de hash baixado: validacao-hash/PA_AD_RV_v1_1xml-sha256.txt
[INFO] Arquivo de hash baixado: validacao-hash/PA_AD_RB_v2_3der-sha256.txt
[INFO] Arquivo de hash baixado: validacao-hash/PA_AD_RC_v2_0xml-sha256.txt
[INFO] Arquivo de hash baixado: validacao-hash/PA_PAdES_AD_RC_v1_1der-sha256.txt
[INFO] Arquivo de hash baixado: validacao-hash/PA_AD_RV_v1_1der-sha256.txt
[INFO] Arquivo de hash baixado: validacao-hash/PA_AD_RB_v2_4xml-sha256.txt
[INFO] Arquivo de hash baixado: validacao-hash/PA_AD_RC_v2_1xml-sha256.txt
[INFO] Arquivo de hash baixado: validacao-hash/PA_AD_RV_v2_1der-sha256.txt
[INFO] Arquivo de hash baixado: validacao-hash/PA_PAdES_AD_RB_v1_2der-sha256.txt
[INFO] Arquivo de hash baixado: validacao-hash/PA_AD_RB_v2_5xml-sha256.txt
[INFO] Arquivo de hash baixado: validacao-hash/PA_PAdES_AD_RA_v1_2der-sha256.txt
[INFO] Arquivo de hash baixado: validacao-hash/PA_PAdES_AD_RC_v1_2der-sha256.txt
[INFO] Arquivo de hash baixado: validacao-hash/PA_AD_RC_v2_4xml-sha256.txt
[INFO] Arquivo de hash baixado: validacao-hash/PA_AD_RV_v2_1xml-sha256.txt
[INFO] Arquivo de hash baixado: validacao-hash/PA_AD_RA_v2_5xml-sha256.txt
[INFO] Arquivo de hash baixado: validacao-hash/PA_AD_RT_v2_4xml-sha256.txt
[INFO] Arquivo de hash baixado: validacao-hash/PA_AD_RA_v1_2xml-sha256.txt
[INFO] Arquivo de hash baixado: validacao-hash/PA_AD_RC_v2_2xml-sha256.txt
[INFO] Arquivo de hash baixado: validacao-hash/PA_AD_RB_v2_3xml-sha256.txt
[INFO] Arquivo de hash baixado: validacao-hash/PA_AD_RA_v2_5der-sha256.txt
[INFO] Arquivo de hash baixado: validacao-hash/PA_AD_RV_v2_0der-sha256.txt
[INFO] Arquivo de hash baixado: validacao-hash/PA_AD_RC_xml-sha256.txt
[INFO] Arquivo de hash baixado: validacao-hash/PA_AD_RV_v1_2xml-sha256.txt
[INFO] Arquivo de hash baixado: validacao-hash/PA_AD_RA_v2_3xml-sha256.txt
[INFO] Arquivo de hash baixado: validacao-hash/PA_AD_RA_v2_4xml-sha256.txt
[INFO] Arquivo de hash baixado: validacao-hash/PA_AD_RT_v2_5xml-sha256.txt
[INFO] Arquivo de hash baixado: validacao-hash/PA_AD_RV_v2_0xml-sha256.txt
[INFO] Arquivo de hash baixado: validacao-hash/PA_AD_RC_v2_3xml-sha256.txt
[INFO] Arquivo de hash baixado: validacao-hash/PA_AD_RB_xml-sha256.txt
[INFO] Arquivo de hash baixado: validacao-hash/PA_AD_RT_der-sha256.txt
[INFO] Arquivo de hash baixado: validacao-hash/PA_AD_RV_v2_2der-sha256.txt
[INFO] Arquivo de hash baixado: validacao-hash/PA_AD_RA_v2_1der-sha256.txt
[INFO] Arquivo de hash baixado: validacao-hash/PA_PAdES_AD_RT_v1_0der-sha256.txt
[INFO] Arquivo de hash baixado: validacao-hash/PA_AD_RA_v2_0der-sha256.txt
[INFO] Arquivo de hash baixado: validacao-hash/PA_AD_RB_v1_2xml-sha256.txt
[INFO] Arquivo de hash baixado: validacao-hash/PA_PAdES_AD_RB_v1_0der-sha256.txt
[INFO] Arquivo de hash baixado: validacao-hash/PA_AD_RC_v1_1xml-sha256.txt
[INFO] Arquivo de hash baixado: validacao-hash/PA_AD_RB_v1_1xml-sha256.txt
[INFO] Arquivo de hash baixado: validacao-hash/PA_AD_RA_xml-sha256.txt
[INFO] Arquivo de hash baixado: validacao-hash/PA_AD_RA_v2_2der-sha256.txt
[INFO] Arquivo de hash baixado: validacao-hash/PA_AD_RT_v2_1der-sha256.txt
[INFO] Arquivo de hash baixado: validacao-hash/PA_AD_RT_v2_3der-sha256.txt
[INFO] Arquivo de hash baixado: validacao-hash/PA_AD_RC_v1_1der-sha256.txt
[INFO] Arquivo de hash baixado: validacao-hash/PA_AD_RA_v1_1xml-sha256.txt
[INFO] Arquivo de hash baixado: validacao-hash/PA_AD_RV_v2_4xml-sha256.txt
[INFO] Arquivo de hash baixado: validacao-hash/PA_AD_RC_v2_3der-sha256.txt
[INFO] Arquivo de hash baixado: validacao-hash/PA_AD_RV_v2_5xml-sha256.txt
[INFO] Arquivo de hash baixado: validacao-hash/PA_AD_RC_v2_2der-sha256.txt
[INFO] Arquivo de hash baixado: validacao-hash/PA_AD_RA_v2_0xml-sha256.txt
[INFO] Arquivo de hash baixado: validacao-hash/PA_AD_RT_v2_0der-sha256.txt
[INFO] Arquivo de hash baixado: validacao-hash/PA_PAdES_AD_RA_v1_1der-sha256.txt
[INFO] Arquivo de hash baixado: validacao-hash/PA_AD_RT_v1_1xml-sha256.txt
[INFO] Arquivo de hash baixado: validacao-hash/PA_AD_RC_v2_0der-sha256.txt
[INFO] Arquivo de hash baixado: validacao-hash/PA_AD_RV_v2_2xml-sha256.txt
[INFO] Arquivo de hash baixado: validacao-hash/PA_AD_RV_v2_3xml-sha256.txt
[INFO] Arquivo de hash baixado: validacao-hash/PA_AD_RA_v2_3der-sha256.txt
[INFO] Arquivo de hash baixado: validacao-hash/PA_AD_RT_xml-sha256.txt
[INFO] Arquivo de hash baixado: validacao-hash/PA_AD_RC_der-sha256.txt
[INFO] Arquivo de hash baixado: validacao-hash/PA_AD_RC_v2_4der-sha256.txt
[INFO] Arquivo de hash baixado: validacao-hash/PA_AD_RB_v2_0xml-sha256.txt
[INFO] Arquivo de hash baixado: validacao-hash/PA_AD_RB_v2_1xml-sha256.txt
[ERRO] Falha ao validar hash de politicas-baixadas/PA_AD_RT_v2_4.xml: Arquivo de hash baixado é HTML (erro de download ou 404).
[ERRO] Falha ao validar hash de politicas-baixadas/PA_AD_RT_v2_5.xml: Arquivo de hash baixado é HTML (erro de download ou 404).
[ERRO] Falha ao validar hash de politicas-baixadas/PA_AD_RC.der: Arquivo de hash baixado é HTML (erro de download ou 404).
[ERRO] Falha ao validar hash de politicas-baixadas/PA_PAdES_AD_RC_v1_0.der: Arquivo de hash baixado é HTML (erro de download ou 404).
[ERRO] Falha ao validar hash de politicas-baixadas/PA_AD_RV_v2_1.xml: Arquivo de hash baixado é HTML (erro de download ou 404).
[ERRO] Falha ao validar hash de politicas-baixadas/PA_AD_RT_v2_2.xml: Arquivo de hash baixado é HTML (erro de download ou 404).
[ERRO] Falha ao validar hash de politicas-baixadas/PA_AD_RC_v2_1.xml: Arquivo de hash baixado é HTML (erro de download ou 404).
[ERRO] Falha ao validar hash de politicas-baixadas/PA_AD_RA_v2_2.xml: Arquivo de hash baixado é HTML (erro de download ou 404).
[ERRO] Falha ao validar hash de politicas-baixadas/PA_AD_RB_v1_2.xml: Arquivo de hash baixado é HTML (erro de download ou 404).
[ERRO] Falha ao validar hash de politicas-baixadas/PA_AD_RV.xml: Arquivo de hash baixado é HTML (erro de download ou 404).
[ERRO] Falha ao validar hash de politicas-baixadas/PA_AD_RV_v1_2.xml: Arquivo de hash baixado é HTML (erro de download ou 404).
[ERRO] Falha ao validar hash de politicas-baixadas/PA_AD_RT_v1_1.xml: Arquivo de hash baixado é HTML (erro de download ou 404).
[ERRO] Falha ao validar hash de politicas-baixadas/PA_AD_RT_v1_2.xml: Arquivo de hash baixado é HTML (erro de download ou 404).
[ERRO] Falha ao validar hash de politicas-baixadas/PA_AD_RC_v1_2.xml: Arquivo de hash baixado é HTML (erro de download ou 404).
[ERRO] Falha ao validar hash de politicas-baixadas/PA_AD_RV_v2_3.xml: Arquivo de hash baixado é HTML (erro de download ou 404).
[ERRO] Falha ao validar hash de politicas-baixadas/PA_AD_RV_v2_2.xml: Arquivo de hash baixado é HTML (erro de download ou 404).
[ERRO] Falha ao validar hash de politicas-baixadas/PA_AD_RA_v1_2.xml: Arquivo de hash baixado é HTML (erro de download ou 404).
[ERRO] Falha ao validar hash de politicas-baixadas/PA_AD_RA_v2_1.xml: Arquivo de hash baixado é HTML (erro de download ou 404).
[ERRO] Falha ao validar hash de politicas-baixadas/PA_AD_RA_v2_0.xml: Arquivo de hash baixado é HTML (erro de download ou 404).
[ERRO] Falha ao validar hash de politicas-baixadas/PA_AD_RB_v1_1.xml: Arquivo de hash baixado é HTML (erro de download ou 404).
[ERRO] Falha ao validar hash de politicas-baixadas/PA_AD_RC_v2_0.xml: Arquivo de hash baixado é HTML (erro de download ou 404).
[ERRO] Falha ao validar hash de politicas-baixadas/PA_AD_RT_v2_3.xml: Arquivo de hash baixado é HTML (erro de download ou 404).
[ERRO] Falha ao validar hash de politicas-baixadas/PA_AD_RV_v2_5.xml: Arquivo de hash baixado é HTML (erro de download ou 404).
[ERRO] Falha ao validar hash de politicas-baixadas/PA_AD_RC_v2_2.der: Arquivo de hash baixado é HTML (erro de download ou 404).
[ERRO] Falha ao validar hash de politicas-baixadas/PA_AD_RV_v2_4.xml: Arquivo de hash baixado é HTML (erro de download ou 404).
[ERRO] Falha ao validar hash de politicas-baixadas/PA_AD_RT.der: Arquivo de hash baixado é HTML (erro de download ou 404).
[ERRO] Falha ao validar hash de politicas-baixadas/PA_AD_RC_v2_4.xml: Arquivo de hash baixado é HTML (erro de download ou 404).
[ERRO] Falha ao validar hash de politicas-baixadas/PA_PAdES_AD_RA_v1_1.der: Arquivo de hash baixado é HTML (erro de download ou 404).
[ERRO] Falha ao validar hash de politicas-baixadas/PA_AD_RA_v2_3.der: Arquivo de hash baixado é HTML (erro de download ou 404).
[ERRO] Falha ao validar hash de politicas-baixadas/PA_AD_RB_v2_0.xml: Arquivo de hash baixado é HTML (erro de download ou 404).
[ERRO] Falha ao validar hash de politicas-baixadas/PA_AD_RC_v2_2.xml: Arquivo de hash baixado é HTML (erro de download ou 404).
[INFO] Arquivo de hash baixado: validacao-hash/PA_AD_RT_v2_0xml-sha256.txt
[INFO] Arquivo de hash baixado: validacao-hash/PA_PAdES_AD_RA_v1_0der-sha256.txt
[INFO] Arquivo de hash baixado: validacao-hash/PA_AD_RT_v2_4der-sha256.txt
[INFO] Arquivo de hash baixado: validacao-hash/PA_AD_RT_v1_2xml-sha256.txt
[INFO] Arquivo de hash baixado: validacao-hash/PA_AD_RT_v2_2der-sha256.txt
[INFO] Arquivo de hash baixado: validacao-hash/PA_PAdES_AD_RB_v1_1der-sha256.txt
[INFO] Arquivo de hash baixado: validacao-hash/PA_AD_RC_v2_1der-sha256.txt
[ERRO] Falha ao validar hash de politicas-baixadas/PA_AD_RB_v2_1.der: Arquivo de hash baixado é HTML (erro de download ou 404).
[ERRO] Falha ao validar hash de politicas-baixadas/ICP_BR_Extensoes_PAdES.asn: Arquivo de hash baixado é HTML (erro de download ou 404).
[ERRO] Falha ao validar hash de politicas-baixadas/LPAv2.asn: Arquivo de hash baixado é HTML (erro de download ou 404).
[ERRO] Falha ao validar hash de politicas-baixadas/PA_AD_RB_v2_3.der: Arquivo de hash baixado é HTML (erro de download ou 404).
[ERRO] Falha ao validar hash de politicas-baixadas/PA_AD_RB_v2_4.xml: Arquivo de hash baixado é HTML (erro de download ou 404).
[ERRO] Falha ao validar hash de politicas-baixadas/PA_PAdES_AD_RA_v1_2.der: Arquivo de hash baixado é HTML (erro de download ou 404).
[ERRO] Falha ao validar hash de politicas-baixadas/PA_AD_RA_v2_2.der: Arquivo de hash baixado é HTML (erro de download ou 404).
[ERRO] Falha ao validar hash de politicas-baixadas/PA_AD_RV_v2_1.der: Arquivo de hash baixado é HTML (erro de download ou 404).
[ERRO] Falha ao validar hash de politicas-baixadas/PA_AD_RV_v2_0.der: Arquivo de hash baixado é HTML (erro de download ou 404).
[ERRO] Falha ao validar hash de politicas-baixadas/PA_PAdES_AD_RC_v1_2.der: Arquivo de hash baixado é HTML (erro de download ou 404).
[ERRO] Falha ao validar hash de politicas-baixadas/PA_AD_RA_v2_1.der: Arquivo de hash baixado é HTML (erro de download ou 404).
[ERRO] Falha ao validar hash de politicas-baixadas/PA_AD_RV_v2_3.der: Arquivo de hash baixado é HTML (erro de download ou 404).
[ERRO] Falha ao validar hash de politicas-baixadas/PA_AD_RB_v2_5.xml: Arquivo de hash baixado é HTML (erro de download ou 404).
[ERRO] Falha ao validar hash de politicas-baixadas/PA_AD_RB_v1_1.der: Arquivo de hash baixado é HTML (erro de download ou 404).
[ERRO] Falha ao validar hash de politicas-baixadas/PA_AD_RA_v2_0.der: Arquivo de hash baixado é HTML (erro de download ou 404).
[ERRO] Falha ao validar hash de politicas-baixadas/PA_AD_RA_v2_5.der: Arquivo de hash baixado é HTML (erro de download ou 404).
[ERRO] Falha ao validar hash de politicas-baixadas/PA_AD_RT_v2_0.der: Arquivo de hash baixado é HTML (erro de download ou 404).
[ERRO] Falha ao validar hash de politicas-baixadas/PA_PAdES_AD_RB_v1_1.der: Arquivo de hash baixado é HTML (erro de download ou 404).
[ERRO] Falha ao validar hash de politicas-baixadas/PA_AD_RC_v2_4.der: Arquivo de hash baixado é HTML (erro de download ou 404).
[ERRO] Falha ao validar hash de politicas-baixadas/PA_AD_RC_v2_3.der: Arquivo de hash baixado é HTML (erro de download ou 404).
[ERRO] Falha ao validar hash de politicas-baixadas/PA_AD_RA_v2_4.der: Arquivo de hash baixado é HTML (erro de download ou 404).
[ERRO] Falha ao validar hash de politicas-baixadas/PA_AD_RT_v2_3.der: Arquivo de hash baixado é HTML (erro de download ou 404).
[ERRO] Falha ao validar hash de politicas-baixadas/LPA_XAdES.xsd: Arquivo de hash baixado é HTML (erro de download ou 404).
[ERRO] Falha ao validar hash de politicas-baixadas/PA_AD_RV.der: Arquivo de hash baixado é HTML (erro de download ou 404).
[ERRO] Falha ao validar hash de politicas-baixadas/PA_AD_RV_v1_1.xml: Arquivo de hash baixado é HTML (erro de download ou 404).
[ERRO] Falha ao validar hash de politicas-baixadas/PA_AD_RV_v1_1.der: Arquivo de hash baixado é HTML (erro de download ou 404).
[ERRO] Falha ao validar hash de politicas-baixadas/PA_PAdES_AD_RB_v1_0.der: Arquivo de hash baixado é HTML (erro de download ou 404).
[ERRO] Falha ao validar hash de politicas-baixadas/PA_AD_RT_v2_2.der: Arquivo de hash baixado é HTML (erro de download ou 404).
[ERRO] Falha ao validar hash de politicas-baixadas/PA_AD_RT_v2_4.der: Arquivo de hash baixado é HTML (erro de download ou 404).
[ERRO] Falha ao validar hash de politicas-baixadas/PA_AD_RT_v2_1.der: Arquivo de hash baixado é HTML (erro de download ou 404).
[ERRO] Falha ao validar hash de politicas-baixadas/PA_AD_RC_v2_0.der: Arquivo de hash baixado é HTML (erro de download ou 404).
[ERRO] Falha ao validar hash de politicas-baixadas/PA.xsd: Arquivo de hash baixado é HTML (erro de download ou 404).
[ERRO] Falha ao validar hash de politicas-baixadas/PA_AD_RV_v2_2.der: Arquivo de hash baixado é HTML (erro de download ou 404).
[ERRO] Falha ao validar hash de politicas-baixadas/PA_AD_RB_v2_1.xml: Arquivo de hash baixado é HTML (erro de download ou 404).
[ERRO] Falha ao validar hash de politicas-baixadas/PA_AD_RT_v2_1.xml: Arquivo de hash baixado é HTML (erro de download ou 404).
[ERRO] Falha ao validar hash de politicas-baixadas/PA_AD_RB.xml: Arquivo de hash baixado é HTML (erro de download ou 404).
[ERRO] Falha ao validar hash de politicas-baixadas/PA_AD_RB_v2_3.xml: Arquivo de hash baixado é HTML (erro de download ou 404).
[ERRO] Falha ao validar hash de politicas-baixadas/PA_AD_RA.xml: Arquivo de hash baixado é HTML (erro de download ou 404).
[ERRO] Falha ao validar hash de politicas-baixadas/PA_AD_RC.xml: Arquivo de hash baixado é HTML (erro de download ou 404).
[ERRO] Falha ao validar hash de politicas-baixadas/PA_AD_RA_v2_3.xml: Arquivo de hash baixado é HTML (erro de download ou 404).
[ERRO] Falha ao validar hash de politicas-baixadas/PA_AD_RC_v1_1.xml: Arquivo de hash baixado é HTML (erro de download ou 404).
[ERRO] Falha ao validar hash de politicas-baixadas/PA_AD_RB_v2_4.der: Arquivo de hash baixado é HTML (erro de download ou 404).
[ERRO] Falha ao validar hash de politicas-baixadas/PA_AD_RA_v1_1.xml: Arquivo de hash baixado é HTML (erro de download ou 404).
[ERRO] Falha ao validar hash de politicas-baixadas/PA_PAdES_AD_RC_v1_3.der: Arquivo de hash baixado é HTML (erro de download ou 404).
[ERRO] Falha ao validar hash de politicas-baixadas/PA_AD_RC_v2_3.xml: Arquivo de hash baixado é HTML (erro de download ou 404).
Baixando arquivo: http://politicas.icpbrasil.gov.br/LPAv2.asn
Baixando arquivo: http://politicas.icpbrasil.gov.br/PA_AD_RV_v2_4der-sha256.txt
Baixando arquivo: http://politicas.icpbrasil.gov.br/PA_AD_RV_v2_1.xml
Baixando arquivo: http://politicas.icpbrasil.gov.br/PA.xsd
Baixando arquivo: http://politicas.icpbrasil.gov.br/PA_AD_RB_v2_5xml-sha256.txt
Baixando arquivo: http://politicas.icpbrasil.gov.br/LPAv2_asn-sha256.txt
Baixando arquivo: http://politicas.icpbrasil.gov.br/ICP_BR_Extensoes_PAdES.asn
Baixando arquivo: http://politicas.icpbrasil.gov.br/ICP_BR_Extensoes_PAdES_asn-sha256.txt
Baixando arquivo: http://politicas.icpbrasil.gov.br/PA_AD_RB.der
Baixando arquivo: http://politicas.icpbrasil.gov.br/PA_AD_RB_der-sha256.txt
Baixando arquivo: http://politicas.icpbrasil.gov.br/PA_AD_RB_v1_1.der
Baixando arquivo: http://politicas.icpbrasil.gov.br/PA_AD_RB_v1_1der-sha256.txt
Baixando arquivo: http://politicas.icpbrasil.gov.br/PA_AD_RB_v2_0.der
Baixando arquivo: http://politicas.icpbrasil.gov.br/PA_AD_RB_v2_0der-sha256.txt
Baixando arquivo: http://politicas.icpbrasil.gov.br/PA_AD_RB_v2_1.der
Baixando arquivo: http://politicas.icpbrasil.gov.br/PA_AD_RB_v2_1der-sha256.txt
Baixando arquivo: http://politicas.icpbrasil.gov.br/PA_AD_RB_v2_2.der
Baixando arquivo: http://politicas.icpbrasil.gov.br/PA_AD_RB_v2_2der-sha256.txt
Baixando arquivo: http://politicas.icpbrasil.gov.br/PA_AD_RB_v2_3.der
Baixando arquivo: http://politicas.icpbrasil.gov.br/PA_AD_RB_v2_3der-sha256.txt
Baixando arquivo: http://politicas.icpbrasil.gov.br/PA_AD_RB_v2_4.der
Baixando arquivo: http://politicas.icpbrasil.gov.br/PA_AD_RB_v2_4der-sha256.txt
Baixando arquivo: http://politicas.icpbrasil.gov.br/PA_AD_RB.xml
Baixando arquivo: http://politicas.icpbrasil.gov.br/PA_AD_RB_xml-sha256.txt
Baixando arquivo: http://politicas.icpbrasil.gov.br/PA_AD_RB_v1_1.xml
Baixando arquivo: http://politicas.icpbrasil.gov.br/PA_AD_RB_v1_1xml-sha256.txt
Baixando arquivo: http://politicas.icpbrasil.gov.br/PA_AD_RB_v1_2.xml
Baixando arquivo: http://politicas.icpbrasil.gov.br/PA_AD_RB_v1_2xml-sha256.txt
Baixando arquivo: http://politicas.icpbrasil.gov.br/PA_AD_RB_v2_0.xml
Baixando arquivo: http://politicas.icpbrasil.gov.br/LPA_XAdES.xsd
Baixando arquivo: http://politicas.icpbrasil.gov.br/PA_AD_RB_v2_0xml-sha256.txt
Baixando arquivo: http://politicas.icpbrasil.gov.br/LPA_XAdES_xsd-sha256.txt
Baixando arquivo: http://politicas.icpbrasil.gov.br/PA_AD_RB_v2_1.xml
Baixando arquivo: http://politicas.icpbrasil.gov.br/PA_AD_RB_v2_3.xml
Baixando arquivo: http://politicas.icpbrasil.gov.br/PA_AD_RB_v2_3xml-sha256.txt
Baixando arquivo: http://politicas.icpbrasil.gov.br/PA_PAdES_AD_RA_v1_3der-sha256.txt
Baixando arquivo: http://politicas.icpbrasil.gov.br/PA_AD_RB_v2_4.xml
Baixando arquivo: http://politicas.icpbrasil.gov.br/PA_PAdES_AD_RB_v1_0.der
Baixando arquivo: http://politicas.icpbrasil.gov.br/PA_AD_RB_v2_4xml-sha256.txt
Baixando arquivo: http://politicas.icpbrasil.gov.br/PA_PAdES_AD_RB_v1_0der-sha256.txt
Baixando arquivo: http://politicas.icpbrasil.gov.br/PA_PAdES_AD_RB_v1_1.der
Baixando arquivo: http://politicas.icpbrasil.gov.br/PA_PAdES_AD_RB_v1_1der-sha256.txt
Baixando arquivo: http://politicas.icpbrasil.gov.br/PA_AD_RB_v2_1xml-sha256.txt
Baixando arquivo: http://politicas.icpbrasil.gov.br/PA_PAdES_AD_RB_v1_2.der
Baixando arquivo: http://politicas.icpbrasil.gov.br/PA_AD_RB_v2_5.xml
Baixando arquivo: http://politicas.icpbrasil.gov.br/PA_AD_RC_v2_1der-sha256.txt
Baixando arquivo: http://politicas.icpbrasil.gov.br/PA_AD_RT.der
Baixando arquivo: http://politicas.icpbrasil.gov.br/PA_AD_RT_der-sha256.txt
Baixando arquivo: http://politicas.icpbrasil.gov.br/PA_AD_RB_v2_2.xml
Baixando arquivo: http://politicas.icpbrasil.gov.br/PA_AD_RB_v2_2xml-sha256.txt
Baixando arquivo: http://politicas.icpbrasil.gov.br/PA_AD_RA_v1_2der-sha256.txt
Baixando arquivo: http://politicas.icpbrasil.gov.br/PA_AD_RC_v2_2.der
Baixando arquivo: http://politicas.icpbrasil.gov.br/PA_AD_RT_v1_1.der
Baixando arquivo: http://politicas.icpbrasil.gov.br/PA_AD_RT_v1_1der-sha256.txt
Baixando arquivo: http://politicas.icpbrasil.gov.br/PA_AD_RC_v2_2der-sha256.txt
Baixando arquivo: http://politicas.icpbrasil.gov.br/PA_AD_RT_v2_0.der
Baixando arquivo: http://politicas.icpbrasil.gov.br/PA_AD_RT_v2_0der-sha256.txt
Baixando arquivo: http://politicas.icpbrasil.gov.br/PA_AD_RC_v2_3.der
Baixando arquivo: http://politicas.icpbrasil.gov.br/PA_AD_RC_v2_4.xml
Baixando arquivo: http://politicas.icpbrasil.gov.br/PA_AD_RC_v2_4xml-sha256.txt
Baixando arquivo: http://politicas.icpbrasil.gov.br/PA_AD_RT_v2_1.der
Baixando arquivo: http://politicas.icpbrasil.gov.br/PA_AD_RC_v2_5.xml
Baixando arquivo: http://politicas.icpbrasil.gov.br/PA_AD_RT_v2_1der-sha256.txt
Baixando arquivo: http://politicas.icpbrasil.gov.br/PA_AD_RT_v2_2.der
Baixando arquivo: http://politicas.icpbrasil.gov.br/PA_AD_RC_v2_5xml-sha256.txt
Baixando arquivo: http://politicas.icpbrasil.gov.br/PA_AD_RT_v2_2der-sha256.txt
Baixando arquivo: http://politicas.icpbrasil.gov.br/PA_PAdES_AD_RC_v1_0.der
Baixando arquivo: http://politicas.icpbrasil.gov.br/PA_PAdES_AD_RC_v1_0der-sha256.txt
Baixando arquivo: http://politicas.icpbrasil.gov.br/PA_AD_RT_v2_3.der
Baixando arquivo: http://politicas.icpbrasil.gov.br/PA_AD_RT_v2_3der-sha256.txt
Baixando arquivo: http://politicas.icpbrasil.gov.br/PA_PAdES_AD_RC_v1_1.der
Baixando arquivo: http://politicas.icpbrasil.gov.br/PA_AD_RT_v2_4.der
Baixando arquivo: http://politicas.icpbrasil.gov.br/PA_AD_RT_v2_4der-sha256.txt
Baixando arquivo: http://politicas.icpbrasil.gov.br/PA_PAdES_AD_RC_v1_1der-sha256.txt
Baixando arquivo: http://politicas.icpbrasil.gov.br/PA_PAdES_AD_RC_v1_2.der
Baixando arquivo: http://politicas.icpbrasil.gov.br/PA_PAdES_AD_RC_v1_2der-sha256.txt
Baixando arquivo: http://politicas.icpbrasil.gov.br/PA_AD_RT.xml
Baixando arquivo: http://politicas.icpbrasil.gov.br/PA_PAdES_AD_RC_v1_3.der
Baixando arquivo: http://politicas.icpbrasil.gov.br/PA_AD_RT_xml-sha256.txt
Baixando arquivo: http://politicas.icpbrasil.gov.br/PA_PAdES_AD_RC_v1_3der-sha256.txt
Baixando arquivo: http://politicas.icpbrasil.gov.br/PA_AD_RT_v1_1.xml
Baixando arquivo: http://politicas.icpbrasil.gov.br/PA_AD_RT_v1_1xml-sha256.txt
Baixando arquivo: http://politicas.icpbrasil.gov.br/PA_AD_RA.der
Baixando arquivo: http://politicas.icpbrasil.gov.br/PA_AD_RA_der-sha256.txt
Baixando arquivo: http://politicas.icpbrasil.gov.br/PA_AD_RT_v1_2.xml
Baixando arquivo: http://politicas.icpbrasil.gov.br/PA_AD_RT_v1_2xml-sha256.txt
Baixando arquivo: http://politicas.icpbrasil.gov.br/PA_AD_RA_v1_1.der
Baixando arquivo: http://politicas.icpbrasil.gov.br/PA_AD_RT_v2_0.xml
Baixando arquivo: http://politicas.icpbrasil.gov.br/PA_AD_RT_v2_0xml-sha256.txt
Baixando arquivo: http://politicas.icpbrasil.gov.br/PA_AD_RA_v1_1der-sha256.txt
Baixando arquivo: http://politicas.icpbrasil.gov.br/PA_AD_RA_v1_2.der
Baixando arquivo: http://politicas.icpbrasil.gov.br/PA_AD_RT_v2_1.xml
Baixando arquivo: http://politicas.icpbrasil.gov.br/PA_AD_RA_v2_0.xml
Baixando arquivo: http://politicas.icpbrasil.gov.br/PA_AD_RT_v2_1xml-sha256.txt
Baixando arquivo: http://politicas.icpbrasil.gov.br/PA_AD_RA_v2_0.der
Baixando arquivo: http://politicas.icpbrasil.gov.br/PA_AD_RT_v2_2.xml
Baixando arquivo: http://politicas.icpbrasil.gov.br/PA_AD_RA_v2_0der-sha256.txt
Baixando arquivo: http://politicas.icpbrasil.gov.br/PA_AD_RT_v2_2xml-sha256.txt
Baixando arquivo: http://politicas.icpbrasil.gov.br/PA_AD_RA_v2_1.der
Baixando arquivo: http://politicas.icpbrasil.gov.br/PA_AD_RA_v2_1der-sha256.txt
Baixando arquivo: http://politicas.icpbrasil.gov.br/PA_AD_RT_v2_3.xml
Baixando arquivo: http://politicas.icpbrasil.gov.br/PA_AD_RA_v2_2.der
Baixando arquivo: http://politicas.icpbrasil.gov.br/PA_AD_RT_v2_3xml-sha256.txt
Baixando arquivo: http://politicas.icpbrasil.gov.br/PA_AD_RT_v2_4.xml
Baixando arquivo: http://politicas.icpbrasil.gov.br/PA_AD_RA_v2_2der-sha256.txt
Baixando arquivo: http://politicas.icpbrasil.gov.br/PA_AD_RT_v2_4xml-sha256.txt
Baixando arquivo: http://politicas.icpbrasil.gov.br/PA_AD_RA_v2_3.der
Baixando arquivo: http://politicas.icpbrasil.gov.br/PA_AD_RA_v2_3der-sha256.txt
Baixando arquivo: http://politicas.icpbrasil.gov.br/PA_AD_RA_v2_4.der
Baixando arquivo: http://politicas.icpbrasil.gov.br/PA_AD_RT_v2_5.xml
Baixando arquivo: http://politicas.icpbrasil.gov.br/PA_AD_RT_v2_5xml-sha256.txt
Baixando arquivo: http://politicas.icpbrasil.gov.br/PA_AD_RA_v2_4der-sha256.txt
Baixando arquivo: http://politicas.icpbrasil.gov.br/PA_AD_RA_v2_5.der
Baixando arquivo: http://politicas.icpbrasil.gov.br/PA_PAdES_AD_RT_v1_0.der
Baixando arquivo: http://politicas.icpbrasil.gov.br/PA_AD_RA_v2_5der-sha256.txt
Baixando arquivo: http://politicas.icpbrasil.gov.br/PA_PAdES_AD_RT_v1_0der-sha256.txt
Baixando arquivo: http://politicas.icpbrasil.gov.br/PA_AD_RA.xml
Baixando arquivo: http://politicas.icpbrasil.gov.br/PA_AD_RA_xml-sha256.txt
Baixando arquivo: http://politicas.icpbrasil.gov.br/PA_PAdES_AD_RT_v1_1der-sha256.txt
Baixando arquivo: http://politicas.icpbrasil.gov.br/PA_AD_RA_v1_1.xml
Baixando arquivo: http://politicas.icpbrasil.gov.br/PA_PAdES_AD_RT_v1_2der-sha256.txt
Baixando arquivo: http://politicas.icpbrasil.gov.br/PA_AD_RA_v1_1xml-sha256.txt
Baixando arquivo: http://politicas.icpbrasil.gov.br/PA_AD_RV.der
Baixando arquivo: http://politicas.icpbrasil.gov.br/PA_AD_RV_der-sha256.txt
Baixando arquivo: http://politicas.icpbrasil.gov.br/PA_AD_RA_v1_2.xml
Baixando arquivo: http://politicas.icpbrasil.gov.br/PA_PAdES_AD_RB_v1_2der-sha256.txt
Baixando arquivo: http://politicas.icpbrasil.gov.br/PA_AD_RV_v1_1.der
Baixando arquivo: http://politicas.icpbrasil.gov.br/PA_AD_RV_v1_1der-sha256.txt
Baixando arquivo: http://politicas.icpbrasil.gov.br/PA_AD_RA_v1_2xml-sha256.txt
Baixando arquivo: http://politicas.icpbrasil.gov.br/PA_AD_RA_v2_0xml-sha256.txt
Baixando arquivo: http://politicas.icpbrasil.gov.br/PA_AD_RV_v2_0.der
Baixando arquivo: http://politicas.icpbrasil.gov.br/PA_AD_RA_v2_5.xml
Baixando arquivo: http://politicas.icpbrasil.gov.br/PA_AD_RV_v2_0der-sha256.txt
Baixando arquivo: http://politicas.icpbrasil.gov.br/PA_AD_RA_v2_5xml-sha256.txt
Baixando arquivo: http://politicas.icpbrasil.gov.br/PA_AD_RA_v2_1.xml
Baixando arquivo: http://politicas.icpbrasil.gov.br/PA_PAdES_AD_RA_v1_0.der
Baixando arquivo: http://politicas.icpbrasil.gov.br/PA_AD_RC_v2_3xml-sha256.txt
Baixando arquivo: http://politicas.icpbrasil.gov.br/PA_AD_RC_v2_3der-sha256.txt
Baixando arquivo: http://politicas.icpbrasil.gov.br/PA_AD_RV_v2_1.der
Baixando arquivo: http://politicas.icpbrasil.gov.br/PA_AD_RC_v2_4.der
Baixando arquivo: http://politicas.icpbrasil.gov.br/PA_AD_RV_v2_1der-sha256.txt
Baixando arquivo: http://politicas.icpbrasil.gov.br/PA_AD_RV_v2_2.der
Baixando arquivo: http://politicas.icpbrasil.gov.br/PA_AD_RC_v2_4der-sha256.txt
Baixando arquivo: http://politicas.icpbrasil.gov.br/PA_AD_RV_v2_2der-sha256.txt
Baixando arquivo: http://politicas.icpbrasil.gov.br/PA_AD_RC.xml
Baixando arquivo: http://politicas.icpbrasil.gov.br/PA_AD_RV_v2_3.der
Baixando arquivo: http://politicas.icpbrasil.gov.br/PA_AD_RC_xml-sha256.txt
Baixando arquivo: http://politicas.icpbrasil.gov.br/PA_AD_RV_v2_2xml-sha256.txt
Baixando arquivo: http://politicas.icpbrasil.gov.br/PA_AD_RC_v1_1.xml
Baixando arquivo: http://politicas.icpbrasil.gov.br/PA_AD_RV_v2_3.xml
Baixando arquivo: http://politicas.icpbrasil.gov.br/PA_AD_RC_v1_1xml-sha256.txt
Baixando arquivo: http://politicas.icpbrasil.gov.br/PA_AD_RV_v2_3xml-sha256.txt
Baixando arquivo: http://politicas.icpbrasil.gov.br/PA_AD_RC_v1_2.xml
Baixando arquivo: http://politicas.icpbrasil.gov.br/PA_AD_RC_v1_2xml-sha256.txt
Baixando arquivo: http://politicas.icpbrasil.gov.br/PA_AD_RC_v2_0.xml
Baixando arquivo: http://politicas.icpbrasil.gov.br/PA_AD_RC_v2_0xml-sha256.txt
Baixando arquivo: http://politicas.icpbrasil.gov.br/PA_AD_RV_v2_4.xml
Baixando arquivo: http://politicas.icpbrasil.gov.br/PA_AD_RC_v2_1.xml
Baixando arquivo: http://politicas.icpbrasil.gov.br/PA_AD_RC_v2_1xml-sha256.txt
Baixando arquivo: http://politicas.icpbrasil.gov.br/PA_AD_RV_v2_4xml-sha256.txt
Baixando arquivo: http://politicas.icpbrasil.gov.br/PA_AD_RC_v2_2.xml
Baixando arquivo: http://politicas.icpbrasil.gov.br/PA_AD_RV_v2_5.xml
Baixando arquivo: http://politicas.icpbrasil.gov.br/PA_AD_RC_v2_2xml-sha256.txt
Baixando arquivo: http://politicas.icpbrasil.gov.br/PA_AD_RV_v2_5xml-sha256.txt
Baixando arquivo: http://politicas.icpbrasil.gov.br/PA_AD_RC.der
Baixando arquivo: http://politicas.icpbrasil.gov.br/PA_AD_RC_der-sha256.txt
Baixando arquivo: http://politicas.icpbrasil.gov.br/PA_AD_RC_v1_1.der
Baixando arquivo: http://politicas.icpbrasil.gov.br/PA_AD_RC_v1_1der-sha256.txt
Baixando arquivo: http://politicas.icpbrasil.gov.br/PA_AD_RV_v2_2.xml
Baixando arquivo: http://politicas.icpbrasil.gov.br/PA_AD_RV_v2_3der-sha256.txt
Baixando arquivo: http://politicas.icpbrasil.gov.br/PA_AD_RC_v2_3.xml
Baixando arquivo: http://politicas.icpbrasil.gov.br/PA_AD_RC_v2_0.der
Baixando arquivo: http://politicas.icpbrasil.gov.br/PA_AD_RV_v2_4.der
Baixando arquivo: http://politicas.icpbrasil.gov.br/PA_PAdES_AD_RA_v1_2.der
Baixando arquivo: http://politicas.icpbrasil.gov.br/PA_AD_RC_v2_0der-sha256.txt
Baixando arquivo: http://politicas.icpbrasil.gov.br/PA_PAdES_AD_RA_v1_1.der
Baixando arquivo: http://politicas.icpbrasil.gov.br/PA_PAdES_AD_RA_v1_1der-sha256.txt
Baixando arquivo: http://politicas.icpbrasil.gov.br/PA_AD_RC_v2_1.der
Baixando arquivo: http://politicas.icpbrasil.gov.br/PA_AD_RV_v1_2.xml
Baixando arquivo: http://politicas.icpbrasil.gov.br/PA_PAdES_AD_RA_v1_0der-sha256.txt
Baixando arquivo: http://politicas.icpbrasil.gov.br/PA_PAdES_AD_RA_v1_3.der
Baixando arquivo: http://politicas.icpbrasil.gov.br/PA_AD_RV_v2_0xml-sha256.txt
Baixando arquivo: http://politicas.icpbrasil.gov.br/PA_AD_RV_v1_2xml-sha256.txt
Baixando arquivo: http://politicas.icpbrasil.gov.br/PA_AD_RA_v2_1xml-sha256.txt
Baixando arquivo: http://politicas.icpbrasil.gov.br/PA_AD_RA_v2_2.xml
Baixando arquivo: http://politicas.icpbrasil.gov.br/PA_AD_RA_v2_2xml-sha256.txt
Baixando arquivo: http://politicas.icpbrasil.gov.br/PA_AD_RA_v2_3.xml
Baixando arquivo: http://politicas.icpbrasil.gov.br/PA_AD_RV.xml
Baixando arquivo: http://politicas.icpbrasil.gov.br/PA_AD_RV_xml-sha256.txt
Baixando arquivo: http://politicas.icpbrasil.gov.br/PA_AD_RV_v1_1.xml
Baixando arquivo: http://politicas.icpbrasil.gov.br/PA_AD_RV_v1_1xml-sha256.txt
Baixando arquivo: http://politicas.icpbrasil.gov.br/PA_AD_RA_v2_3xml-sha256.txt
Baixando arquivo: http://politicas.icpbrasil.gov.br/PA_xsd-sha256.txt
Baixando arquivo: http://politicas.icpbrasil.gov.br/PA_AD_RV_v2_0.xml
Baixando arquivo: http://politicas.icpbrasil.gov.br/PA_AD_RV_v2_1xml-sha256.txt
Baixando arquivo: http://politicas.icpbrasil.gov.br/PA_PAdES_AD_RA_v1_2der-sha256.txt
Baixando arquivo: http://politicas.icpbrasil.gov.br/PA_AD_RA_v2_4.xml
Baixando arquivo: http://politicas.icpbrasil.gov.br/PA_AD_RA_v2_4xml-sha256.txt
[INFO] Arquivo de hash baixado: validacao-hash/PA_AD_RT_der-sha256.txt
[INFO] Arquivo de hash baixado: validacao-hash/PA_AD_RB_v2_0der-sha256.txt
[INFO] Arquivo de hash baixado: validacao-hash/PA_AD_RB_v1_2xml-sha256.txt
[INFO] Arquivo de hash baixado: validacao-hash/PA_AD_RB_v1_1xml-sha256.txt
[INFO] Arquivo de hash baixado: validacao-hash/PA_AD_RB_xml-sha256.txt
[INFO] Arquivo de hash baixado: validacao-hash/PA_AD_RB_v1_1der-sha256.txt
[INFO] Arquivo de hash baixado: validacao-hash/PA_AD_RV_v2_4der-sha256.txt
[INFO] Arquivo de hash baixado: validacao-hash/PA_AD_RB_v2_1der-sha256.txt
[INFO] Arquivo de hash baixado: validacao-hash/PA_AD_RB_v2_5xml-sha256.txt
[INFO] Arquivo de hash baixado: validacao-hash/PA_AD_RB_v2_0xml-sha256.txt
[INFO] Arquivo de hash baixado: validacao-hash/LPA_XAdES_xsd-sha256.txt
[INFO] Arquivo de hash baixado: validacao-hash/ICP_BR_Extensoes_PAdES_asn-sha256.txt
[INFO] Arquivo de hash baixado: validacao-hash/PA_AD_RB_v2_3der-sha256.txt
[INFO] Arquivo de hash baixado: validacao-hash/PA_AD_RB_v2_4der-sha256.txt
[INFO] Arquivo de hash baixado: validacao-hash/LPAv2_asn-sha256.txt
[INFO] Arquivo de hash baixado: validacao-hash/PA_AD_RB_v2_2der-sha256.txt
[INFO] Arquivo de hash baixado: validacao-hash/PA_AD_RB_v2_1xml-sha256.txt
[INFO] Arquivo de hash baixado: validacao-hash/PA_AD_RB_der-sha256.txt
[INFO] Arquivo de hash baixado: validacao-hash/PA_PAdES_AD_RB_v1_1der-sha256.txt
[INFO] Arquivo de hash baixado: validacao-hash/PA_PAdES_AD_RA_v1_3der-sha256.txt
[INFO] Arquivo de hash baixado: validacao-hash/PA_AD_RC_v2_1der-sha256.txt
[INFO] Arquivo de hash baixado: validacao-hash/PA_PAdES_AD_RB_v1_0der-sha256.txt
[INFO] Arquivo de hash baixado: validacao-hash/PA_AD_RA_v1_2xml-sha256.txt
[INFO] Arquivo de hash baixado: validacao-hash/PA_AD_RB_v2_4xml-sha256.txt
[INFO] Arquivo de hash baixado: validacao-hash/PA_AD_RB_v2_3xml-sha256.txt
[INFO] Arquivo de hash baixado: validacao-hash/PA_PAdES_AD_RC_v1_0der-sha256.txt
[INFO] Arquivo de hash baixado: validacao-hash/PA_AD_RA_v1_2der-sha256.txt
[INFO] Arquivo de hash baixado: validacao-hash/PA_AD_RB_v2_2xml-sha256.txt
[INFO] Arquivo de hash baixado: validacao-hash/PA_AD_RA_v2_1der-sha256.txt
[INFO] Arquivo de hash baixado: validacao-hash/PA_AD_RT_v2_3der-sha256.txt
[INFO] Arquivo de hash baixado: validacao-hash/PA_AD_RT_v2_1der-sha256.txt
[INFO] Arquivo de hash baixado: validacao-hash/PA_AD_RC_v2_4xml-sha256.txt
[INFO] Arquivo de hash baixado: validacao-hash/PA_AD_RC_v2_2der-sha256.txt
[INFO] Arquivo de hash baixado: validacao-hash/PA_AD_RT_v2_3xml-sha256.txt
[INFO] Arquivo de hash baixado: validacao-hash/PA_AD_RT_v1_1der-sha256.txt
[INFO] Arquivo de hash baixado: validacao-hash/PA_PAdES_AD_RC_v1_1der-sha256.txt
[INFO] Arquivo de hash baixado: validacao-hash/PA_AD_RT_v2_4der-sha256.txt
[INFO] Arquivo de hash baixado: validacao-hash/PA_AD_RA_v2_2der-sha256.txt
[INFO] Arquivo de hash baixado: validacao-hash/PA_AD_RT_v2_2der-sha256.txt
[INFO] Arquivo de hash baixado: validacao-hash/PA_AD_RC_v2_5xml-sha256.txt
[INFO] Arquivo de hash baixado: validacao-hash/PA_AD_RA_v2_3der-sha256.txt
[INFO] Arquivo de hash baixado: validacao-hash/PA_AD_RT_v2_0der-sha256.txt
[INFO] Arquivo de hash baixado: validacao-hash/PA_PAdES_AD_RC_v1_2der-sha256.txt
[INFO] Arquivo de hash baixado: validacao-hash/PA_AD_RA_xml-sha256.txt
[INFO] Arquivo de hash baixado: validacao-hash/PA_AD_RT_v2_4xml-sha256.txt
[INFO] Arquivo de hash baixado: validacao-hash/PA_AD_RA_v1_1xml-sha256.txt
[INFO] Arquivo de hash baixado: validacao-hash/PA_AD_RA_v2_5der-sha256.txt
[INFO] Arquivo de hash baixado: validacao-hash/PA_AD_RA_v2_4der-sha256.txt
[INFO] Arquivo de hash baixado: validacao-hash/PA_PAdES_AD_RC_v1_3der-sha256.txt
[INFO] Arquivo de hash baixado: validacao-hash/PA_AD_RT_xml-sha256.txt
[INFO] Arquivo de hash baixado: validacao-hash/PA_PAdES_AD_RT_v1_0der-sha256.txt
[INFO] Arquivo de hash baixado: validacao-hash/PA_AD_RT_v2_5xml-sha256.txt
[INFO] Arquivo de hash baixado: validacao-hash/PA_PAdES_AD_RT_v1_2der-sha256.txt
[INFO] Arquivo de hash baixado: validacao-hash/PA_AD_RV_der-sha256.txt
[INFO] Arquivo de hash baixado: validacao-hash/PA_AD_RA_v1_1der-sha256.txt
[INFO] Arquivo de hash baixado: validacao-hash/PA_AD_RT_v1_1xml-sha256.txt
[INFO] Arquivo de hash baixado: validacao-hash/PA_PAdES_AD_RB_v1_2der-sha256.txt
[INFO] Arquivo de hash baixado: validacao-hash/PA_AD_RT_v2_0xml-sha256.txt
[INFO] Arquivo de hash baixado: validacao-hash/PA_AD_RA_der-sha256.txt
[INFO] Arquivo de hash baixado: validacao-hash/PA_AD_RT_v1_2xml-sha256.txt
[INFO] Arquivo de hash baixado: validacao-hash/PA_AD_RA_v2_0der-sha256.txt
[INFO] Arquivo de hash baixado: validacao-hash/PA_AD_RT_v2_1xml-sha256.txt
[INFO] Arquivo de hash baixado: validacao-hash/PA_AD_RT_v2_2xml-sha256.txt
[INFO] Arquivo de hash baixado: validacao-hash/PA_AD_RA_v2_5xml-sha256.txt
[INFO] Arquivo de hash baixado: validacao-hash/PA_AD_RV_v1_1der-sha256.txt
[INFO] Arquivo de hash baixado: validacao-hash/PA_AD_RA_v2_0xml-sha256.txt
[INFO] Arquivo de hash baixado: validacao-hash/PA_AD_RV_v2_0der-sha256.txt
[INFO] Arquivo de hash baixado: validacao-hash/PA_AD_RC_v2_3der-sha256.txt
[INFO] Arquivo de hash baixado: validacao-hash/PA_AD_RV_v2_1der-sha256.txt
[INFO] Arquivo de hash baixado: validacao-hash/PA_AD_RC_v2_4der-sha256.txt
[INFO] Arquivo de hash baixado: validacao-hash/PA_AD_RC_v2_3xml-sha256.txt
[INFO] Arquivo de hash baixado: validacao-hash/PA_AD_RV_v2_2der-sha256.txt
[INFO] Arquivo de hash baixado: validacao-hash/PA_AD_RC_xml-sha256.txt
[INFO] Arquivo de hash baixado: validacao-hash/PA_AD_RC_v2_0xml-sha256.txt
[INFO] Arquivo de hash baixado: validacao-hash/PA_AD_RV_v2_2xml-sha256.txt
[INFO] Arquivo de hash baixado: validacao-hash/PA_AD_RC_v1_1xml-sha256.txt
[INFO] Arquivo de hash baixado: validacao-hash/PA_AD_RC_v1_2xml-sha256.txt
[INFO] Arquivo de hash baixado: validacao-hash/PA_AD_RV_v2_4xml-sha256.txt
[INFO] Arquivo de hash baixado: validacao-hash/PA_AD_RV_v2_3xml-sha256.txt
[INFO] Arquivo de hash baixado: validacao-hash/PA_AD_RC_v2_1xml-sha256.txt
[INFO] Arquivo de hash baixado: validacao-hash/PA_AD_RC_v2_2xml-sha256.txt
[INFO] Arquivo de hash baixado: validacao-hash/PA_AD_RC_der-sha256.txt
[INFO] Arquivo de hash baixado: validacao-hash/PA_AD_RV_v2_5xml-sha256.txt
[INFO] Arquivo de hash baixado: validacao-hash/PA_AD_RV_v2_3der-sha256.txt
[INFO] Arquivo de hash baixado: validacao-hash/PA_AD_RC_v1_1der-sha256.txt
[INFO] Arquivo de hash baixado: validacao-hash/PA_PAdES_AD_RA_v1_1der-sha256.txt
[INFO] Arquivo de hash baixado: validacao-hash/PA_AD_RV_v1_2xml-sha256.txt
[ERRO] Falha ao validar hash de politicas-baixadas/PA_AD_RT_v2_4.xml: Arquivo de hash baixado é HTML (erro de download ou 404).
[INFO] Arquivo de hash baixado: validacao-hash/PA_AD_RC_v2_0der-sha256.txt
[ERRO] Falha ao validar hash de politicas-baixadas/PA_AD_RA_v2_1.der: Arquivo de hash baixado é HTML (erro de download ou 404).
[INFO] Arquivo de hash baixado: validacao-hash/PA_PAdES_AD_RA_v1_0der-sha256.txt
[ERRO] Falha ao validar hash de politicas-baixadas/PA_PAdES_AD_RB_v1_1.der: Arquivo de hash baixado é HTML (erro de download ou 404).
[ERRO] Falha ao validar hash de politicas-baixadas/PA_AD_RC_v2_5.xml: Arquivo de hash baixado é HTML (erro de download ou 404).
[ERRO] Falha ao validar hash de politicas-baixadas/PA_AD_RB_v2_4.xml: Arquivo de hash baixado é HTML (erro de download ou 404).
[ERRO] Falha ao validar hash de politicas-baixadas/PA_AD_RB_v2_4.der: Arquivo de hash baixado é HTML (erro de download ou 404).
[ERRO] Falha ao validar hash de politicas-baixadas/PA_AD_RT_v2_3.der: Arquivo de hash baixado é HTML (erro de download ou 404).
[INFO] Arquivo de hash baixado: validacao-hash/PA_xsd-sha256.txt
[INFO] Arquivo de hash baixado: validacao-hash/PA_AD_RA_v2_2xml-sha256.txt
[ERRO] Falha ao validar hash de politicas-baixadas/PA_AD_RC_v2_4.xml: Arquivo de hash baixado é HTML (erro de download ou 404).
[INFO] Arquivo de hash baixado: validacao-hash/PA_AD_RV_xml-sha256.txt
[INFO] Arquivo de hash baixado: validacao-hash/PA_PAdES_AD_RA_v1_2der-sha256.txt
[INFO] Arquivo de hash baixado: validacao-hash/PA_AD_RA_v2_4xml-sha256.txt
[ERRO] Falha ao validar hash de politicas-baixadas/PA_AD_RB_v2_1.der: Arquivo de hash baixado é HTML (erro de download ou 404).
[INFO] Arquivo de hash baixado: validacao-hash/PA_AD_RA_v2_3xml-sha256.txt
[ERRO] Falha ao validar hash de politicas-baixadas/LPA_XAdES.xsd: Arquivo de hash baixado é HTML (erro de download ou 404).
[INFO] Arquivo de hash baixado: validacao-hash/PA_AD_RV_v2_0xml-sha256.txt
[ERRO] Falha ao validar hash de politicas-baixadas/PA_AD_RC_v2_3.der: Arquivo de hash baixado é HTML (erro de download ou 404).
[ERRO] Falha ao validar hash de politicas-baixadas/PA_AD_RA_v2_4.der: Arquivo de hash baixado é HTML (erro de download ou 404).
[INFO] Arquivo de hash baixado: validacao-hash/PA_AD_RV_v1_1xml-sha256.txt
[INFO] Arquivo de hash baixado: validacao-hash/PA_AD_RA_v2_1xml-sha256.txt
[ERRO] Falha ao validar hash de politicas-baixadas/PA_PAdES_AD_RB_v1_0.der: Arquivo de hash baixado é HTML (erro de download ou 404).
[INFO] Arquivo de hash baixado: validacao-hash/PA_AD_RV_v2_1xml-sha256.txt
[ERRO] Falha ao validar hash de politicas-baixadas/PA_PAdES_AD_RB_v1_2.der: Arquivo de hash baixado é HTML (erro de download ou 404).
[ERRO] Falha ao validar hash de politicas-baixadas/LPAv2.asn: Arquivo de hash baixado é HTML (erro de download ou 404).
[ERRO] Falha ao validar hash de politicas-baixadas/PA_AD_RT_v2_1.der: Arquivo de hash baixado é HTML (erro de download ou 404).
[ERRO] Falha ao validar hash de politicas-baixadas/PA_AD_RT_v1_1.der: Arquivo de hash baixado é HTML (erro de download ou 404).
[ERRO] Falha ao validar hash de politicas-baixadas/PA_AD_RT_v1_1.xml: Arquivo de hash baixado é HTML (erro de download ou 404).
[ERRO] Falha ao validar hash de politicas-baixadas/PA.xsd: Arquivo de hash baixado é HTML (erro de download ou 404).
[ERRO] Falha ao validar hash de politicas-baixadas/PA_AD_RA_v1_2.der: Arquivo de hash baixado é HTML (erro de download ou 404).
[ERRO] Falha ao validar hash de politicas-baixadas/PA_AD_RB_v1_1.der: Arquivo de hash baixado é HTML (erro de download ou 404).
[ERRO] Falha ao validar hash de politicas-baixadas/PA_AD_RT_v2_4.der: Arquivo de hash baixado é HTML (erro de download ou 404).
[ERRO] Falha ao validar hash de politicas-baixadas/PA_AD_RB_v2_5.xml: Arquivo de hash baixado é HTML (erro de download ou 404).
[ERRO] Falha ao validar hash de politicas-baixadas/PA_AD_RC_v2_4.der: Arquivo de hash baixado é HTML (erro de download ou 404).
[ERRO] Falha ao validar hash de politicas-baixadas/PA_AD_RA_v2_0.der: Arquivo de hash baixado é HTML (erro de download ou 404).
[ERRO] Falha ao validar hash de politicas-baixadas/PA_AD_RT_v2_0.der: Arquivo de hash baixado é HTML (erro de download ou 404).
[ERRO] Falha ao validar hash de politicas-baixadas/PA_PAdES_AD_RC_v1_2.der: Arquivo de hash baixado é HTML (erro de download ou 404).
[ERRO] Falha ao validar hash de politicas-baixadas/PA_AD_RA_v2_5.xml: Arquivo de hash baixado é HTML (erro de download ou 404).
[ERRO] Falha ao validar hash de politicas-baixadas/ICP_BR_Extensoes_PAdES.asn: Arquivo de hash baixado é HTML (erro de download ou 404).
[ERRO] Falha ao validar hash de politicas-baixadas/PA_AD_RB_v2_3.der: Arquivo de hash baixado é HTML (erro de download ou 404).
[ERRO] Falha ao validar hash de politicas-baixadas/PA_AD_RT_v2_5.xml: Arquivo de hash baixado é HTML (erro de download ou 404).
[ERRO] Falha ao validar hash de politicas-baixadas/PA_AD_RB_v2_0.der: Arquivo de hash baixado é HTML (erro de download ou 404).
[ERRO] Falha ao validar hash de politicas-baixadas/PA_AD_RV_v2_0.der: Arquivo de hash baixado é HTML (erro de download ou 404).
[ERRO] Falha ao validar hash de politicas-baixadas/PA_AD_RT.der: Arquivo de hash baixado é HTML (erro de download ou 404).
[ERRO] Falha ao validar hash de politicas-baixadas/PA_AD_RV_v2_5.xml: Arquivo de hash baixado é HTML (erro de download ou 404).
[ERRO] Falha ao validar hash de politicas-baixadas/PA_AD_RC_v2_0.der: Arquivo de hash baixado é HTML (erro de download ou 404).
[ERRO] Falha ao validar hash de politicas-baixadas/PA_AD_RV_v2_4.der: Arquivo de hash baixado é HTML (erro de download ou 404).
[ERRO] Falha ao validar hash de politicas-baixadas/PA_AD_RV.der: Arquivo de hash baixado é HTML (erro de download ou 404).
[ERRO] Falha ao validar hash de politicas-baixadas/PA_AD_RV_v2_0.xml: Arquivo de hash baixado é HTML (erro de download ou 404).
[ERRO] Falha ao validar hash de politicas-baixadas/PA_AD_RV_v1_1.xml: Arquivo de hash baixado é HTML (erro de download ou 404).
[ERRO] Falha ao validar hash de politicas-baixadas/PA_AD_RC_v2_2.der: Arquivo de hash baixado é HTML (erro de download ou 404).
[ERRO] Falha ao validar hash de politicas-baixadas/PA_AD_RT_v2_2.der: Arquivo de hash baixado é HTML (erro de download ou 404).
[ERRO] Falha ao validar hash de politicas-baixadas/PA_PAdES_AD_RT_v1_0.der: Arquivo de hash baixado é HTML (erro de download ou 404).
[ERRO] Falha ao validar hash de politicas-baixadas/PA_AD_RC_v1_1.der: Arquivo de hash baixado é HTML (erro de download ou 404).
[ERRO] Falha ao validar hash de politicas-baixadas/PA_AD_RV_v2_1.der: Arquivo de hash baixado é HTML (erro de download ou 404).
[ERRO] Falha ao validar hash de politicas-baixadas/PA_PAdES_AD_RA_v1_3.der: Arquivo de hash baixado é HTML (erro de download ou 404).
[ERRO] Falha ao validar hash de politicas-baixadas/PA_AD_RV_v2_3.der: Arquivo de hash baixado é HTML (erro de download ou 404).
[ERRO] Falha ao validar hash de politicas-baixadas/PA_AD_RV_v2_4.xml: Arquivo de hash baixado é HTML (erro de download ou 404).
[ERRO] Falha ao validar hash de politicas-baixadas/PA_AD_RB_v2_2.der: Arquivo de hash baixado é HTML (erro de download ou 404).
[ERRO] Falha ao validar hash de politicas-baixadas/PA_AD_RB_v2_0.xml: Arquivo de hash baixado é HTML (erro de download ou 404).
[ERRO] Falha ao validar hash de politicas-baixadas/PA_AD_RA_v2_2.der: Arquivo de hash baixado é HTML (erro de download ou 404).
[ERRO] Falha ao validar hash de politicas-baixadas/PA_AD_RB_v2_2.xml: Arquivo de hash baixado é HTML (erro de download ou 404).
[ERRO] Falha ao validar hash de politicas-baixadas/PA_AD_RA_v2_5.der: Arquivo de hash baixado é HTML (erro de download ou 404).
[ERRO] Falha ao validar hash de politicas-baixadas/PA_AD_RV_v2_2.der: Arquivo de hash baixado é HTML (erro de download ou 404).
[ERRO] Falha ao validar hash de politicas-baixadas/PA_AD_RB_v2_1.xml: Arquivo de hash baixado é HTML (erro de download ou 404).
[ERRO] Falha ao validar hash de politicas-baixadas/PA_PAdES_AD_RA_v1_1.der: Arquivo de hash baixado é HTML (erro de download ou 404).
[ERRO] Falha ao validar hash de politicas-baixadas/PA_AD_RV_v2_1.xml: Arquivo de hash baixado é HTML (erro de download ou 404).
[ERRO] Falha ao validar hash de politicas-baixadas/PA_AD_RV_v1_1.der: Arquivo de hash baixado é HTML (erro de download ou 404).
[ERRO] Falha ao validar hash de politicas-baixadas/PA_AD_RB_v1_1.xml: Arquivo de hash baixado é HTML (erro de download ou 404).
[ERRO] Falha ao validar hash de politicas-baixadas/PA_AD_RB_v1_2.xml: Arquivo de hash baixado é HTML (erro de download ou 404).
[ERRO] Falha ao validar hash de politicas-baixadas/PA_AD_RB.xml: Arquivo de hash baixado é HTML (erro de download ou 404).
[ERRO] Falha ao validar hash de politicas-baixadas/PA_AD_RB_v2_3.xml: Arquivo de hash baixado é HTML (erro de download ou 404).
[ERRO] Falha ao validar hash de politicas-baixadas/PA_AD_RT_v2_2.xml: Arquivo de hash baixado é HTML (erro de download ou 404).
[ERRO] Falha ao validar hash de politicas-baixadas/PA_AD_RC.der: Arquivo de hash baixado é HTML (erro de download ou 404).
[ERRO] Falha ao validar hash de politicas-baixadas/PA_AD_RA_v1_1.der: Arquivo de hash baixado é HTML (erro de download ou 404).
[ERRO] Falha ao validar hash de politicas-baixadas/PA_AD_RA_v2_1.xml: Arquivo de hash baixado é HTML (erro de download ou 404).
[ERRO] Falha ao validar hash de politicas-baixadas/PA_AD_RC.xml: Arquivo de hash baixado é HTML (erro de download ou 404).
[ERRO] Falha ao validar hash de politicas-baixadas/PA_AD_RC_v2_2.xml: Arquivo de hash baixado é HTML (erro de download ou 404).
[ERRO] Falha ao validar hash de politicas-baixadas/PA_PAdES_AD_RC_v1_0.der: Arquivo de hash baixado é HTML (erro de download ou 404).
[ERRO] Falha ao validar hash de politicas-baixadas/PA_PAdES_AD_RA_v1_2.der: Arquivo de hash baixado é HTML (erro de download ou 404).
[ERRO] Falha ao validar hash de politicas-baixadas/PA_AD_RA.xml: Arquivo de hash baixado é HTML (erro de download ou 404).
[ERRO] Falha ao validar hash de politicas-baixadas/PA_AD_RC_v2_0.xml: Arquivo de hash baixado é HTML (erro de download ou 404).
[ERRO] Falha ao validar hash de politicas-baixadas/PA_AD_RA_v2_2.xml: Arquivo de hash baixado é HTML (erro de download ou 404).
[ERRO] Falha ao validar hash de politicas-baixadas/PA_AD_RV_v2_2.xml: Arquivo de hash baixado é HTML (erro de download ou 404).
[ERRO] Falha ao validar hash de politicas-baixadas/PA_AD_RT_v2_1.xml: Arquivo de hash baixado é HTML (erro de download ou 404).
[ERRO] Falha ao validar hash de politicas-baixadas/PA_AD_RA_v1_1.xml: Arquivo de hash baixado é HTML (erro de download ou 404).
[ERRO] Falha ao validar hash de politicas-baixadas/PA_AD_RT_v2_3.xml: Arquivo de hash baixado é HTML (erro de download ou 404).
[ERRO] Falha ao validar hash de politicas-baixadas/PA_AD_RA_v2_0.xml: Arquivo de hash baixado é HTML (erro de download ou 404).
[ERRO] Falha ao validar hash de politicas-baixadas/PA_AD_RC_v2_1.xml: Arquivo de hash baixado é HTML (erro de download ou 404).
[ERRO] Falha ao validar hash de politicas-baixadas/PA_AD_RV_v2_3.xml: Arquivo de hash baixado é HTML (erro de download ou 404).
[ERRO] Falha ao validar hash de politicas-baixadas/PA_AD_RV_v1_2.xml: Arquivo de hash baixado é HTML (erro de download ou 404).
[ERRO] Falha ao validar hash de politicas-baixadas/PA_AD_RC_v1_1.xml: Arquivo de hash baixado é HTML (erro de download ou 404).
[ERRO] Falha ao validar hash de politicas-baixadas/PA_AD_RC_v2_3.xml: Arquivo de hash baixado é HTML (erro de download ou 404).
[ERRO] Falha ao validar hash de politicas-baixadas/PA_AD_RT_v1_2.xml: Arquivo de hash baixado é HTML (erro de download ou 404).
[ERRO] Falha ao validar hash de politicas-baixadas/PA_AD_RA_v2_3.xml: Arquivo de hash baixado é HTML (erro de download ou 404).
[ERRO] Falha ao validar hash de politicas-baixadas/PA_AD_RV.xml: Arquivo de hash baixado é HTML (erro de download ou 404).
[ERRO] Falha ao validar hash de politicas-baixadas/PA_AD_RA_v1_2.xml: Arquivo de hash baixado é HTML (erro de download ou 404).
[ERRO] Falha ao validar hash de politicas-baixadas/PA_AD_RC_v1_2.xml: Arquivo de hash baixado é HTML (erro de download ou 404).
[ERRO] Falha ao validar hash de politicas-baixadas/PA_AD_RC_v2_1.der: Arquivo de hash baixado é HTML (erro de download ou 404).
[ERRO] Falha ao validar hash de politicas-baixadas/PA_PAdES_AD_RC_v1_1.der: Arquivo de hash baixado é HTML (erro de download ou 404).
[ERRO] Falha ao validar hash de politicas-baixadas/PA_AD_RA_v2_4.xml: Arquivo de hash baixado é HTML (erro de download ou 404).
[ERRO] Falha ao validar hash de politicas-baixadas/PA_AD_RA.der: Arquivo de hash baixado é HTML (erro de download ou 404).
[ERRO] Falha ao validar hash de politicas-baixadas/PA_PAdES_AD_RA_v1_0.der: Arquivo de hash baixado é HTML (erro de download ou 404).
[ERRO] Falha ao validar hash de politicas-baixadas/PA_AD_RT_v2_0.xml: Arquivo de hash baixado é HTML (erro de download ou 404).
[ERRO] Falha ao validar hash de politicas-baixadas/PA_AD_RB.der: Arquivo de hash baixado é HTML (erro de download ou 404).
[INFO] Arquivo de hash baixado: validacao-hash/PA_PAdES_AD_RT_v1_1der-sha256.txt
[ERRO] Falha ao validar hash de politicas-baixadas/PA_PAdES_AD_RC_v1_3.der: Arquivo de hash baixado é HTML (erro de download ou 404).
[ERRO] Falha ao validar hash de politicas-baixadas/PA_AD_RA_v2_3.der: Arquivo de hash baixado é HTML (erro de download ou 404).
[ERRO] Falha ao validar hash de politicas-baixadas/PA_AD_RT.xml: Arquivo de hash baixado é HTML (erro de download ou 404).

Resumo:
Total de políticas a serem baixadas: 198
Total baixadas: 198
Total com erro de download: 0
Baixando arquivo: http://politicas.icpbrasil.gov.br/LPAv2.asn
Baixando arquivo: http://politicas.icpbrasil.gov.br/PA_AD_RB_v2_4xml-sha256.txt
Baixando arquivo: http://politicas.icpbrasil.gov.br/PA_AD_RC_v2_1.der
Baixando arquivo: http://politicas.icpbrasil.gov.br/PA_PAdES_AD_RB_v1_0.der
Baixando arquivo: http://politicas.icpbrasil.gov.br/PA_AD_RA_v2_2der-sha256.txt
Baixando arquivo: http://politicas.icpbrasil.gov.br/ICP_BR_Extensoes_PAdES_asn-sha256.txt
Baixando arquivo: http://politicas.icpbrasil.gov.br/PA_AD_RB_v2_0.xml
Baixando arquivo: http://politicas.icpbrasil.gov.br/PA_AD_RB_v2_2.der
Baixando arquivo: http://politicas.icpbrasil.gov.br/PA_AD_RB.der
Baixando arquivo: http://politicas.icpbrasil.gov.br/PA_AD_RB_v2_2der-sha256.txt
Baixando arquivo: http://politicas.icpbrasil.gov.br/PA_AD_RB_der-sha256.txt
Baixando arquivo: http://politicas.icpbrasil.gov.br/PA_AD_RB_v2_3.der
Baixando arquivo: http://politicas.icpbrasil.gov.br/PA_AD_RB_v1_1.der
Baixando arquivo: http://politicas.icpbrasil.gov.br/PA_AD_RB_v2_3der-sha256.txt
Baixando arquivo: http://politicas.icpbrasil.gov.br/PA_AD_RB_v1_1der-sha256.txt
Baixando arquivo: http://politicas.icpbrasil.gov.br/PA_AD_RB_v2_4.der
Baixando arquivo: http://politicas.icpbrasil.gov.br/PA_AD_RB_v2_4der-sha256.txt
Baixando arquivo: http://politicas.icpbrasil.gov.br/PA_AD_RB.xml
Baixando arquivo: http://politicas.icpbrasil.gov.br/PA_AD_RB_v2_0.der
Baixando arquivo: http://politicas.icpbrasil.gov.br/PA_AD_RB_v2_0der-sha256.txt
Baixando arquivo: http://politicas.icpbrasil.gov.br/PA_AD_RB_v2_1.der
Baixando arquivo: http://politicas.icpbrasil.gov.br/PA_AD_RT_v2_0der-sha256.txt
Baixando arquivo: http://politicas.icpbrasil.gov.br/PA_AD_RB_v2_0xml-sha256.txt
Baixando arquivo: http://politicas.icpbrasil.gov.br/PA_AD_RB_v2_1.xml
Baixando arquivo: http://politicas.icpbrasil.gov.br/PA_AD_RB_v2_1xml-sha256.txt
Baixando arquivo: http://politicas.icpbrasil.gov.br/PA_AD_RB_v2_2.xml
Baixando arquivo: http://politicas.icpbrasil.gov.br/PA_AD_RB_xml-sha256.txt
Baixando arquivo: http://politicas.icpbrasil.gov.br/PA_AD_RB_v1_1.xml
Baixando arquivo: http://politicas.icpbrasil.gov.br/PA_AD_RB_v1_1xml-sha256.txt
Baixando arquivo: http://politicas.icpbrasil.gov.br/PA_AD_RB_v1_2.xml
Baixando arquivo: http://politicas.icpbrasil.gov.br/PA_AD_RB_v2_2xml-sha256.txt
Baixando arquivo: http://politicas.icpbrasil.gov.br/PA_AD_RB_v1_2xml-sha256.txt
Baixando arquivo: http://politicas.icpbrasil.gov.br/PA_AD_RB_v2_3.xml
Baixando arquivo: http://politicas.icpbrasil.gov.br/PA_PAdES_AD_RB_v1_1.der
Baixando arquivo: http://politicas.icpbrasil.gov.br/PA_PAdES_AD_RB_v1_1der-sha256.txt
Baixando arquivo: http://politicas.icpbrasil.gov.br/PA_AD_RB_v2_3xml-sha256.txt
Baixando arquivo: http://politicas.icpbrasil.gov.br/PA_PAdES_AD_RB_v1_2.der
Baixando arquivo: http://politicas.icpbrasil.gov.br/PA_AD_RB_v2_4.xml
Baixando arquivo: http://politicas.icpbrasil.gov.br/PA_AD_RT_v2_4xml-sha256.txt
Baixando arquivo: http://politicas.icpbrasil.gov.br/PA_AD_RT_v2_1.der
Baixando arquivo: http://politicas.icpbrasil.gov.br/PA_AD_RT_v2_1der-sha256.txt
Baixando arquivo: http://politicas.icpbrasil.gov.br/PA_PAdES_AD_RB_v1_2der-sha256.txt
Baixando arquivo: http://politicas.icpbrasil.gov.br/PA_AD_RT_v2_2.der
Baixando arquivo: http://politicas.icpbrasil.gov.br/PA_AD_RT.der
Baixando arquivo: http://politicas.icpbrasil.gov.br/PA_AD_RT_der-sha256.txt
Baixando arquivo: http://politicas.icpbrasil.gov.br/PA_AD_RT_v1_1.der
Baixando arquivo: http://politicas.icpbrasil.gov.br/PA_AD_RT_v2_2der-sha256.txt
Baixando arquivo: http://politicas.icpbrasil.gov.br/PA_AD_RT_v1_1der-sha256.txt
Baixando arquivo: http://politicas.icpbrasil.gov.br/PA_AD_RT_v2_3.der
Baixando arquivo: http://politicas.icpbrasil.gov.br/PA_AD_RT_v2_3der-sha256.txt
Baixando arquivo: http://politicas.icpbrasil.gov.br/PA_AD_RT_v2_0.der
Baixando arquivo: http://politicas.icpbrasil.gov.br/PA_AD_RT_v2_4.der
Baixando arquivo: http://politicas.icpbrasil.gov.br/PA_PAdES_AD_RA_v1_3der-sha256.txt
Baixando arquivo: http://politicas.icpbrasil.gov.br/PA_AD_RV_v2_1xml-sha256.txt
Baixando arquivo: http://politicas.icpbrasil.gov.br/PA_AD_RT_v2_5.xml
Baixando arquivo: http://politicas.icpbrasil.gov.br/PA_AD_RC_v2_1.xml
Baixando arquivo: http://politicas.icpbrasil.gov.br/PA_AD_RT_v2_4der-sha256.txt
Baixando arquivo: http://politicas.icpbrasil.gov.br/PA_AD_RT_v2_5xml-sha256.txt
Baixando arquivo: http://politicas.icpbrasil.gov.br/PA_PAdES_AD_RT_v1_0.der
Baixando arquivo: http://politicas.icpbrasil.gov.br/PA_AD_RT.xml
Baixando arquivo: http://politicas.icpbrasil.gov.br/PA_PAdES_AD_RT_v1_0der-sha256.txt
Baixando arquivo: http://politicas.icpbrasil.gov.br/PA_AD_RT_xml-sha256.txt
Baixando arquivo: http://politicas.icpbrasil.gov.br/PA_PAdES_AD_RT_v1_1der-sha256.txt
Baixando arquivo: http://politicas.icpbrasil.gov.br/PA_AD_RT_v1_1.xml
Baixando arquivo: http://politicas.icpbrasil.gov.br/PA_AD_RC_v2_1xml-sha256.txt
Baixando arquivo: http://politicas.icpbrasil.gov.br/PA_PAdES_AD_RT_v1_2der-sha256.txt
Baixando arquivo: http://politicas.icpbrasil.gov.br/PA_AD_RC_v2_2.xml
Baixando arquivo: http://politicas.icpbrasil.gov.br/PA_AD_RV.der
Baixando arquivo: http://politicas.icpbrasil.gov.br/PA_AD_RC_v2_2xml-sha256.txt
Baixando arquivo: http://politicas.icpbrasil.gov.br/PA_AD_RC_v2_3.xml
Baixando arquivo: http://politicas.icpbrasil.gov.br/PA_AD_RV_der-sha256.txt
Baixando arquivo: http://politicas.icpbrasil.gov.br/PA_AD_RV_v1_1.der
Baixando arquivo: http://politicas.icpbrasil.gov.br/PA_AD_RT_v1_1xml-sha256.txt
Baixando arquivo: http://politicas.icpbrasil.gov.br/PA_AD_RC_v2_3xml-sha256.txt
Baixando arquivo: http://politicas.icpbrasil.gov.br/PA_AD_RT_v1_2.xml
Baixando arquivo: http://politicas.icpbrasil.gov.br/PA_AD_RC_v2_4.xml
Baixando arquivo: http://politicas.icpbrasil.gov.br/PA_AD_RT_v1_2xml-sha256.txt
Baixando arquivo: http://politicas.icpbrasil.gov.br/PA_AD_RC_v2_4xml-sha256.txt
Baixando arquivo: http://politicas.icpbrasil.gov.br/PA_AD_RT_v2_0.xml
Baixando arquivo: http://politicas.icpbrasil.gov.br/PA_AD_RC_v2_5.xml
Baixando arquivo: http://politicas.icpbrasil.gov.br/PA_AD_RV_v1_1der-sha256.txt
Baixando arquivo: http://politicas.icpbrasil.gov.br/PA_AD_RV_v2_0.der
Baixando arquivo: http://politicas.icpbrasil.gov.br/PA_AD_RT_v2_0xml-sha256.txt
Baixando arquivo: http://politicas.icpbrasil.gov.br/PA_AD_RV_v2_0der-sha256.txt
Baixando arquivo: http://politicas.icpbrasil.gov.br/PA_AD_RV_v2_1.der
Baixando arquivo: http://politicas.icpbrasil.gov.br/PA_AD_RT_v2_1.xml
Baixando arquivo: http://politicas.icpbrasil.gov.br/PA_AD_RT_v2_1xml-sha256.txt
Baixando arquivo: http://politicas.icpbrasil.gov.br/PA_AD_RT_v2_2.xml
Baixando arquivo: http://politicas.icpbrasil.gov.br/PA_AD_RC_v2_5xml-sha256.txt
Baixando arquivo: http://politicas.icpbrasil.gov.br/PA_AD_RT_v2_2xml-sha256.txt
Baixando arquivo: http://politicas.icpbrasil.gov.br/PA_AD_RT_v2_3.xml
Baixando arquivo: http://politicas.icpbrasil.gov.br/PA_PAdES_AD_RC_v1_0.der
Baixando arquivo: http://politicas.icpbrasil.gov.br/PA_AD_RT_v2_3xml-sha256.txt
Baixando arquivo: http://politicas.icpbrasil.gov.br/PA_PAdES_AD_RC_v1_0der-sha256.txt
Baixando arquivo: http://politicas.icpbrasil.gov.br/PA_PAdES_AD_RC_v1_1.der
Baixando arquivo: http://politicas.icpbrasil.gov.br/PA_AD_RT_v2_4.xml
Baixando arquivo: http://politicas.icpbrasil.gov.br/PA_AD_RV_v2_1der-sha256.txt
Baixando arquivo: http://politicas.icpbrasil.gov.br/PA_AD_RV_v2_2.der
Baixando arquivo: http://politicas.icpbrasil.gov.br/PA_AD_RV_v2_2der-sha256.txt
Baixando arquivo: http://politicas.icpbrasil.gov.br/PA_AD_RV_v2_3.der
Baixando arquivo: http://politicas.icpbrasil.gov.br/PA_PAdES_AD_RC_v1_1der-sha256.txt
Baixando arquivo: http://politicas.icpbrasil.gov.br/PA_PAdES_AD_RC_v1_2.der
Baixando arquivo: http://politicas.icpbrasil.gov.br/PA_AD_RV_v2_3der-sha256.txt
Baixando arquivo: http://politicas.icpbrasil.gov.br/PA_PAdES_AD_RC_v1_2der-sha256.txt
Baixando arquivo: http://politicas.icpbrasil.gov.br/PA_AD_RV_v2_4.der
Baixando arquivo: http://politicas.icpbrasil.gov.br/PA_PAdES_AD_RC_v1_3.der
Baixando arquivo: http://politicas.icpbrasil.gov.br/PA_AD_RV_v2_4der-sha256.txt
Baixando arquivo: http://politicas.icpbrasil.gov.br/PA_AD_RV.xml
Baixando arquivo: http://politicas.icpbrasil.gov.br/PA_PAdES_AD_RC_v1_3der-sha256.txt
Baixando arquivo: http://politicas.icpbrasil.gov.br/PA_AD_RA.der
Baixando arquivo: http://politicas.icpbrasil.gov.br/PA_AD_RA_der-sha256.txt
Baixando arquivo: http://politicas.icpbrasil.gov.br/PA_AD_RA_v1_1.der
Baixando arquivo: http://politicas.icpbrasil.gov.br/PA_AD_RC_v2_0xml-sha256.txt
Baixando arquivo: http://politicas.icpbrasil.gov.br/PA_AD_RA_v1_1der-sha256.txt
Baixando arquivo: http://politicas.icpbrasil.gov.br/PA_AD_RA_v1_2.der
Baixando arquivo: http://politicas.icpbrasil.gov.br/PA_AD_RC.xml
Baixando arquivo: http://politicas.icpbrasil.gov.br/PA_AD_RA_v1_2der-sha256.txt
Baixando arquivo: http://politicas.icpbrasil.gov.br/PA_AD_RC_xml-sha256.txt
Baixando arquivo: http://politicas.icpbrasil.gov.br/PA_AD_RA_v2_0.der
Baixando arquivo: http://politicas.icpbrasil.gov.br/PA_AD_RC_v1_1.xml
Baixando arquivo: http://politicas.icpbrasil.gov.br/PA_AD_RV_xml-sha256.txt
Baixando arquivo: http://politicas.icpbrasil.gov.br/PA_AD_RA_v2_0der-sha256.txt
Baixando arquivo: http://politicas.icpbrasil.gov.br/PA_AD_RV_v1_1.xml
Baixando arquivo: http://politicas.icpbrasil.gov.br/PA_AD_RA_v2_1.der
Baixando arquivo: http://politicas.icpbrasil.gov.br/PA_AD_RV_v1_1xml-sha256.txt
Baixando arquivo: http://politicas.icpbrasil.gov.br/PA_AD_RA_v2_1der-sha256.txt
Baixando arquivo: http://politicas.icpbrasil.gov.br/PA_AD_RV_v1_2.xml
Baixando arquivo: http://politicas.icpbrasil.gov.br/PA_AD_RA_v2_2.der
Baixando arquivo: http://politicas.icpbrasil.gov.br/PA_AD_RC_v2_4der-sha256.txt
Baixando arquivo: http://politicas.icpbrasil.gov.br/PA_AD_RC_v1_1xml-sha256.txt
Baixando arquivo: http://politicas.icpbrasil.gov.br/PA_AD_RV_v1_2xml-sha256.txt
Baixando arquivo: http://politicas.icpbrasil.gov.br/PA_AD_RC_v1_2.xml
Baixando arquivo: http://politicas.icpbrasil.gov.br/PA_AD_RC_v2_1der-sha256.txt
Baixando arquivo: http://politicas.icpbrasil.gov.br/PA_AD_RV_v2_0.xml
Baixando arquivo: http://politicas.icpbrasil.gov.br/PA_AD_RC_v1_2xml-sha256.txt
Baixando arquivo: http://politicas.icpbrasil.gov.br/PA_AD_RC_v2_2.der
Baixando arquivo: http://politicas.icpbrasil.gov.br/PA_AD_RV_v2_0xml-sha256.txt
Baixando arquivo: http://politicas.icpbrasil.gov.br/PA_AD_RC_v2_2der-sha256.txt
Baixando arquivo: http://politicas.icpbrasil.gov.br/PA_AD_RC_v2_0.xml
Baixando arquivo: http://politicas.icpbrasil.gov.br/PA_AD_RV_v2_1.xml
Baixando arquivo: http://politicas.icpbrasil.gov.br/PA_AD_RC_v2_3.der
Baixando arquivo: http://politicas.icpbrasil.gov.br/PA_AD_RB_v2_5xml-sha256.txt
Baixando arquivo: http://politicas.icpbrasil.gov.br/PA_AD_RC_v2_4.der
Baixando arquivo: http://politicas.icpbrasil.gov.br/LPAv2_asn-sha256.txt
Baixando arquivo: http://politicas.icpbrasil.gov.br/PA_AD_RC_v2_3der-sha256.txt
Baixando arquivo: http://politicas.icpbrasil.gov.br/PA_PAdES_AD_RB_v1_0der-sha256.txt
Baixando arquivo: http://politicas.icpbrasil.gov.br/PA_xsd-sha256.txt
Baixando arquivo: http://politicas.icpbrasil.gov.br/PA_AD_RA_v2_1xml-sha256.txt
Baixando arquivo: http://politicas.icpbrasil.gov.br/PA_AD_RA_v2_3.der
Baixando arquivo: http://politicas.icpbrasil.gov.br/PA_AD_RA_v2_3der-sha256.txt
Baixando arquivo: http://politicas.icpbrasil.gov.br/PA_AD_RA_v2_4.der
Baixando arquivo: http://politicas.icpbrasil.gov.br/PA.xsd
Baixando arquivo: http://politicas.icpbrasil.gov.br/PA_AD_RA_v2_4der-sha256.txt
Baixando arquivo: http://politicas.icpbrasil.gov.br/PA_AD_RC_v1_1.der
Baixando arquivo: http://politicas.icpbrasil.gov.br/PA_AD_RA_v2_5.der
Baixando arquivo: http://politicas.icpbrasil.gov.br/PA_AD_RC_v1_1der-sha256.txt
Baixando arquivo: http://politicas.icpbrasil.gov.br/PA_AD_RV_v2_5xml-sha256.txt
Baixando arquivo: http://politicas.icpbrasil.gov.br/PA_AD_RA_v2_5der-sha256.txt
Baixando arquivo: http://politicas.icpbrasil.gov.br/PA_AD_RC.der
Baixando arquivo: http://politicas.icpbrasil.gov.br/PA_AD_RA.xml
Baixando arquivo: http://politicas.icpbrasil.gov.br/PA_AD_RA_xml-sha256.txt
Baixando arquivo: http://politicas.icpbrasil.gov.br/PA_AD_RA_v1_1.xml
Baixando arquivo: http://politicas.icpbrasil.gov.br/PA_AD_RC_v2_0.der
Baixando arquivo: http://politicas.icpbrasil.gov.br/PA_AD_RC_der-sha256.txt
Baixando arquivo: http://politicas.icpbrasil.gov.br/LPA_XAdES_xsd-sha256.txt
Baixando arquivo: http://politicas.icpbrasil.gov.br/PA_AD_RC_v2_0der-sha256.txt
Baixando arquivo: http://politicas.icpbrasil.gov.br/PA_AD_RA_v1_1xml-sha256.txt
Baixando arquivo: http://politicas.icpbrasil.gov.br/PA_AD_RV_v2_3.xml
Baixando arquivo: http://politicas.icpbrasil.gov.br/PA_AD_RA_v1_2.xml
Baixando arquivo: http://politicas.icpbrasil.gov.br/PA_AD_RA_v1_2xml-sha256.txt
Baixando arquivo: http://politicas.icpbrasil.gov.br/PA_AD_RV_v2_2.xml
Baixando arquivo: http://politicas.icpbrasil.gov.br/PA_AD_RA_v2_0.xml
Baixando arquivo: http://politicas.icpbrasil.gov.br/LPA_XAdES.xsd
Baixando arquivo: http://politicas.icpbrasil.gov.br/PA_AD_RV_v2_2xml-sha256.txt
Baixando arquivo: http://politicas.icpbrasil.gov.br/PA_AD_RA_v2_0xml-sha256.txt
Baixando arquivo: http://politicas.icpbrasil.gov.br/PA_AD_RV_v2_4.xml
Baixando arquivo: http://politicas.icpbrasil.gov.br/PA_AD_RA_v2_5xml-sha256.txt
Baixando arquivo: http://politicas.icpbrasil.gov.br/PA_AD_RA_v2_1.xml
Baixando arquivo: http://politicas.icpbrasil.gov.br/PA_AD_RV_v2_3xml-sha256.txt
Baixando arquivo: http://politicas.icpbrasil.gov.br/PA_PAdES_AD_RA_v1_1der-sha256.txt
Baixando arquivo: http://politicas.icpbrasil.gov.br/PA_AD_RV_v2_4xml-sha256.txt
Baixando arquivo: http://politicas.icpbrasil.gov.br/PA_AD_RA_v2_2.xml
Baixando arquivo: http://politicas.icpbrasil.gov.br/PA_AD_RA_v2_3xml-sha256.txt
Baixando arquivo: http://politicas.icpbrasil.gov.br/PA_PAdES_AD_RA_v1_0.der
Baixando arquivo: http://politicas.icpbrasil.gov.br/PA_AD_RA_v2_4.xml
Baixando arquivo: http://politicas.icpbrasil.gov.br/PA_PAdES_AD_RA_v1_0der-sha256.txt
Baixando arquivo: http://politicas.icpbrasil.gov.br/PA_AD_RA_v2_4xml-sha256.txt
Baixando arquivo: http://politicas.icpbrasil.gov.br/PA_PAdES_AD_RA_v1_1.der
Baixando arquivo: http://politicas.icpbrasil.gov.br/PA_AD_RA_v2_2xml-sha256.txt
Baixando arquivo: http://politicas.icpbrasil.gov.br/PA_PAdES_AD_RA_v1_2der-sha256.txt
Baixando arquivo: http://politicas.icpbrasil.gov.br/PA_AD_RV_v2_5.xml
Baixando arquivo: http://politicas.icpbrasil.gov.br/PA_AD_RB_v2_1der-sha256.txt
Baixando arquivo: http://politicas.icpbrasil.gov.br/PA_AD_RA_v2_3.xml
Baixando arquivo: http://politicas.icpbrasil.gov.br/PA_PAdES_AD_RA_v1_2.der
Baixando arquivo: http://politicas.icpbrasil.gov.br/PA_PAdES_AD_RA_v1_3.der
Baixando arquivo: http://politicas.icpbrasil.gov.br/PA_AD_RA_v2_5.xml
Baixando arquivo: http://politicas.icpbrasil.gov.br/PA_AD_RB_v2_5.xml
Baixando arquivo: http://politicas.icpbrasil.gov.br/ICP_BR_Extensoes_PAdES.asn
[INFO] Arquivo de hash baixado: validacao-hash/PA_AD_RA_v2_2der-sha256.txt
[INFO] Arquivo de hash baixado: validacao-hash/PA_AD_RV_v2_4der-sha256.txt
[INFO] Arquivo de hash baixado: validacao-hash/PA_AD_RB_der-sha256.txt
[INFO] Arquivo de hash baixado: validacao-hash/PA_AD_RA_v2_4der-sha256.txt
[INFO] Arquivo de hash baixado: validacao-hash/ICP_BR_Extensoes_PAdES_asn-sha256.txt
[INFO] Arquivo de hash baixado: validacao-hash/PA_PAdES_AD_RC_v1_0der-sha256.txt
[INFO] Arquivo de hash baixado: validacao-hash/PA_AD_RV_v2_0der-sha256.txt
[INFO] Arquivo de hash baixado: validacao-hash/PA_AD_RB_v2_4xml-sha256.txt
[INFO] Arquivo de hash baixado: validacao-hash/PA_AD_RT_v2_3xml-sha256.txt
[INFO] Arquivo de hash baixado: validacao-hash/PA_AD_RT_v2_5xml-sha256.txt
[INFO] Arquivo de hash baixado: validacao-hash/PA_AD_RV_v1_1der-sha256.txt
[INFO] Arquivo de hash baixado: validacao-hash/PA_AD_RT_v2_4der-sha256.txt
[INFO] Arquivo de hash baixado: validacao-hash/PA_AD_RT_v2_0xml-sha256.txt
[INFO] Arquivo de hash baixado: validacao-hash/PA_AD_RB_v2_2der-sha256.txt
[INFO] Arquivo de hash baixado: validacao-hash/PA_AD_RC_v2_0xml-sha256.txt
[INFO] Arquivo de hash baixado: validacao-hash/PA_PAdES_AD_RC_v1_1der-sha256.txt
[INFO] Arquivo de hash baixado: validacao-hash/PA_PAdES_AD_RC_v1_3der-sha256.txt
[INFO] Arquivo de hash baixado: validacao-hash/PA_PAdES_AD_RT_v1_0der-sha256.txt
[INFO] Arquivo de hash baixado: validacao-hash/PA_PAdES_AD_RT_v1_1der-sha256.txt
[INFO] Arquivo de hash baixado: validacao-hash/PA_AD_RV_v2_1der-sha256.txt
[INFO] Arquivo de hash baixado: validacao-hash/PA_AD_RT_v2_1xml-sha256.txt
[INFO] Arquivo de hash baixado: validacao-hash/PA_AD_RA_der-sha256.txt
[INFO] Arquivo de hash baixado: validacao-hash/PA_AD_RT_xml-sha256.txt
[INFO] Arquivo de hash baixado: validacao-hash/PA_AD_RA_v2_5der-sha256.txt
[INFO] Arquivo de hash baixado: validacao-hash/PA_AD_RV_v2_2der-sha256.txt
[INFO] Arquivo de hash baixado: validacao-hash/PA_AD_RV_v2_5xml-sha256.txt
[INFO] Arquivo de hash baixado: validacao-hash/PA_AD_RC_v1_1der-sha256.txt
[INFO] Arquivo de hash baixado: validacao-hash/PA_AD_RA_v1_1der-sha256.txt
[INFO] Arquivo de hash baixado: validacao-hash/PA_AD_RB_v2_3der-sha256.txt
[INFO] Arquivo de hash baixado: validacao-hash/PA_PAdES_AD_RA_v1_1der-sha256.txt
[INFO] Arquivo de hash baixado: validacao-hash/PA_AD_RC_v2_1xml-sha256.txt
[INFO] Arquivo de hash baixado: validacao-hash/PA_AD_RB_v1_1der-sha256.txt
[INFO] Arquivo de hash baixado: validacao-hash/PA_AD_RA_v1_1xml-sha256.txt
[INFO] Arquivo de hash baixado: validacao-hash/PA_AD_RA_v2_3xml-sha256.txt
[INFO] Arquivo de hash baixado: validacao-hash/PA_AD_RC_v2_0der-sha256.txt
[INFO] Arquivo de hash baixado: validacao-hash/PA_AD_RC_der-sha256.txt
[INFO] Arquivo de hash baixado: validacao-hash/PA_PAdES_AD_RT_v1_2der-sha256.txt
[INFO] Arquivo de hash baixado: validacao-hash/PA_AD_RV_v2_4xml-sha256.txt
[INFO] Arquivo de hash baixado: validacao-hash/PA_AD_RV_v2_3der-sha256.txt
[INFO] Arquivo de hash baixado: validacao-hash/PA_AD_RC_xml-sha256.txt
[INFO] Arquivo de hash baixado: validacao-hash/PA_AD_RB_v2_4der-sha256.txt
[INFO] Arquivo de hash baixado: validacao-hash/PA_PAdES_AD_RC_v1_2der-sha256.txt
[INFO] Arquivo de hash baixado: validacao-hash/PA_AD_RA_v1_2der-sha256.txt
[INFO] Arquivo de hash baixado: validacao-hash/LPA_XAdES_xsd-sha256.txt
[INFO] Arquivo de hash baixado: validacao-hash/PA_AD_RA_xml-sha256.txt
[INFO] Arquivo de hash baixado: validacao-hash/PA_AD_RC_v2_3xml-sha256.txt
[INFO] Arquivo de hash baixado: validacao-hash/PA_AD_RB_v2_0xml-sha256.txt
[INFO] Arquivo de hash baixado: validacao-hash/PA_AD_RV_v1_1xml-sha256.txt
[INFO] Arquivo de hash baixado: validacao-hash/PA_AD_RB_v2_1xml-sha256.txt
[INFO] Arquivo de hash baixado: validacao-hash/PA_AD_RA_v2_0xml-sha256.txt
[INFO] Arquivo de hash baixado: validacao-hash/PA_AD_RA_v2_4xml-sha256.txt
[INFO] Arquivo de hash baixado: validacao-hash/PA_PAdES_AD_RB_v1_2der-sha256.txt
[INFO] Arquivo de hash baixado: validacao-hash/PA_PAdES_AD_RA_v1_0der-sha256.txt
[INFO] Arquivo de hash baixado: validacao-hash/PA_AD_RA_v2_5xml-sha256.txt
[INFO] Arquivo de hash baixado: validacao-hash/PA_AD_RC_v2_2xml-sha256.txt
[INFO] Arquivo de hash baixado: validacao-hash/PA_AD_RT_v2_2xml-sha256.txt
[INFO] Arquivo de hash baixado: validacao-hash/PA_AD_RT_v2_0der-sha256.txt
[INFO] Arquivo de hash baixado: validacao-hash/PA_AD_RV_der-sha256.txt
[INFO] Arquivo de hash baixado: validacao-hash/PA_AD_RV_v2_3xml-sha256.txt
[INFO] Arquivo de hash baixado: validacao-hash/PA_AD_RA_v1_2xml-sha256.txt
[INFO] Arquivo de hash baixado: validacao-hash/PA_AD_RA_v2_0der-sha256.txt
[INFO] Arquivo de hash baixado: validacao-hash/PA_AD_RB_v2_0der-sha256.txt
[INFO] Arquivo de hash baixado: validacao-hash/PA_AD_RT_v1_1xml-sha256.txt
[INFO] Arquivo de hash baixado: validacao-hash/PA_AD_RC_v2_4der-sha256.txt
[INFO] Arquivo de hash baixado: validacao-hash/PA_AD_RT_der-sha256.txt
[INFO] Arquivo de hash baixado: validacao-hash/PA_AD_RB_v2_2xml-sha256.txt
[INFO] Arquivo de hash baixado: validacao-hash/PA_AD_RV_xml-sha256.txt
[INFO] Arquivo de hash baixado: validacao-hash/PA_AD_RC_v2_4xml-sha256.txt
[INFO] Arquivo de hash baixado: validacao-hash/PA_AD_RB_v1_1xml-sha256.txt
[INFO] Arquivo de hash baixado: validacao-hash/PA_AD_RB_v2_5xml-sha256.txt
[INFO] Arquivo de hash baixado: validacao-hash/PA_AD_RA_v2_2xml-sha256.txt
[INFO] Arquivo de hash baixado: validacao-hash/PA_AD_RV_v1_2xml-sha256.txt
[INFO] Arquivo de hash baixado: validacao-hash/PA_AD_RC_v1_1xml-sha256.txt
[INFO] Arquivo de hash baixado: validacao-hash/PA_AD_RC_v2_5xml-sha256.txt
[INFO] Arquivo de hash baixado: validacao-hash/PA_PAdES_AD_RA_v1_2der-sha256.txt
[INFO] Arquivo de hash baixado: validacao-hash/PA_AD_RB_v2_1der-sha256.txt
[INFO] Arquivo de hash baixado: validacao-hash/PA_AD_RA_v2_1der-sha256.txt
[INFO] Arquivo de hash baixado: validacao-hash/PA_AD_RB_v2_3xml-sha256.txt
[INFO] Arquivo de hash baixado: validacao-hash/PA_AD_RV_v2_2xml-sha256.txt
[INFO] Arquivo de hash baixado: validacao-hash/PA_AD_RB_xml-sha256.txt
[INFO] Arquivo de hash baixado: validacao-hash/PA_AD_RT_v1_2xml-sha256.txt
[INFO] Arquivo de hash baixado: validacao-hash/PA_AD_RT_v2_1der-sha256.txt
[INFO] Arquivo de hash baixado: validacao-hash/PA_AD_RT_v1_1der-sha256.txt
[INFO] Arquivo de hash baixado: validacao-hash/PA_AD_RA_v2_3der-sha256.txt
[INFO] Arquivo de hash baixado: validacao-hash/PA_AD_RC_v2_2der-sha256.txt
[INFO] Arquivo de hash baixado: validacao-hash/PA_AD_RV_v2_0xml-sha256.txt
[INFO] Arquivo de hash baixado: validacao-hash/PA_AD_RC_v1_2xml-sha256.txt
[INFO] Arquivo de hash baixado: validacao-hash/PA_xsd-sha256.txt
[INFO] Arquivo de hash baixado: validacao-hash/PA_AD_RC_v2_1der-sha256.txt
[INFO] Arquivo de hash baixado: validacao-hash/PA_AD_RT_v2_2der-sha256.txt
[INFO] Arquivo de hash baixado: validacao-hash/PA_AD_RT_v2_3der-sha256.txt
[INFO] Arquivo de hash baixado: validacao-hash/PA_PAdES_AD_RB_v1_1der-sha256.txt
[INFO] Arquivo de hash baixado: validacao-hash/PA_PAdES_AD_RB_v1_0der-sha256.txt
[INFO] Arquivo de hash baixado: validacao-hash/PA_AD_RV_v2_1xml-sha256.txt
[INFO] Arquivo de hash baixado: validacao-hash/PA_AD_RA_v2_1xml-sha256.txt
[INFO] Arquivo de hash baixado: validacao-hash/PA_AD_RC_v2_3der-sha256.txt
[INFO] Arquivo de hash baixado: validacao-hash/LPAv2_asn-sha256.txt
[INFO] Arquivo de hash baixado: validacao-hash/PA_PAdES_AD_RA_v1_3der-sha256.txt
[INFO] Arquivo de hash baixado: validacao-hash/PA_AD_RT_v2_4xml-sha256.txt
[ERRO] Falha ao validar hash de politicas-baixadas/PA_PAdES_AD_RC_v1_3.der: Arquivo de hash baixado é HTML (erro de download ou 404).
[ERRO] Falha ao validar hash de politicas-baixadas/PA_AD_RA_v2_4.der: Arquivo de hash baixado é HTML (erro de download ou 404).
[ERRO] Falha ao validar hash de politicas-baixadas/PA_AD_RB_v1_1.der: Arquivo de hash baixado é HTML (erro de download ou 404).
[ERRO] Falha ao validar hash de politicas-baixadas/PA_PAdES_AD_RC_v1_2.der: Arquivo de hash baixado é HTML (erro de download ou 404).
[ERRO] Falha ao validar hash de politicas-baixadas/PA_AD_RA_v2_0.der: Arquivo de hash baixado é HTML (erro de download ou 404).
[ERRO] Falha ao validar hash de politicas-baixadas/PA_AD_RB_v2_4.der: Arquivo de hash baixado é HTML (erro de download ou 404).
[ERRO] Falha ao validar hash de politicas-baixadas/PA_AD_RT_v2_2.der: Arquivo de hash baixado é HTML (erro de download ou 404).
[ERRO] Falha ao validar hash de politicas-baixadas/PA_PAdES_AD_RC_v1_0.der: Arquivo de hash baixado é HTML (erro de download ou 404).
[ERRO] Falha ao validar hash de politicas-baixadas/PA_PAdES_AD_RB_v1_1.der: Arquivo de hash baixado é HTML (erro de download ou 404).
[ERRO] Falha ao validar hash de politicas-baixadas/PA.xsd: Arquivo de hash baixado é HTML (erro de download ou 404).
[ERRO] Falha ao validar hash de politicas-baixadas/PA_AD_RA_v1_1.der: Arquivo de hash baixado é HTML (erro de download ou 404).
[ERRO] Falha ao validar hash de politicas-baixadas/PA_AD_RC_v1_1.der: Arquivo de hash baixado é HTML (erro de download ou 404).
[ERRO] Falha ao validar hash de politicas-baixadas/PA_AD_RT_v2_4.xml: Arquivo de hash baixado é HTML (erro de download ou 404).
[ERRO] Falha ao validar hash de politicas-baixadas/PA_AD_RV_v2_2.der: Arquivo de hash baixado é HTML (erro de download ou 404).
[ERRO] Falha ao validar hash de politicas-baixadas/PA_AD_RV_v2_4.xml: Arquivo de hash baixado é HTML (erro de download ou 404).
[ERRO] Falha ao validar hash de politicas-baixadas/PA_AD_RA_v1_2.der: Arquivo de hash baixado é HTML (erro de download ou 404).
[ERRO] Falha ao validar hash de politicas-baixadas/PA_AD_RA_v2_4.xml: Arquivo de hash baixado é HTML (erro de download ou 404).
[ERRO] Falha ao validar hash de politicas-baixadas/PA_AD_RC_v2_2.der: Arquivo de hash baixado é HTML (erro de download ou 404).
[ERRO] Falha ao validar hash de politicas-baixadas/PA_AD_RT.der: Arquivo de hash baixado é HTML (erro de download ou 404).
[ERRO] Falha ao validar hash de politicas-baixadas/PA_AD_RV_v2_0.xml: Arquivo de hash baixado é HTML (erro de download ou 404).
[ERRO] Falha ao validar hash de politicas-baixadas/PA_PAdES_AD_RA_v1_0.der: Arquivo de hash baixado é HTML (erro de download ou 404).
[ERRO] Falha ao validar hash de politicas-baixadas/PA_AD_RB_v2_1.xml: Arquivo de hash baixado é HTML (erro de download ou 404).
[ERRO] Falha ao validar hash de politicas-baixadas/PA_AD_RB_v2_0.xml: Arquivo de hash baixado é HTML (erro de download ou 404).
[ERRO] Falha ao validar hash de politicas-baixadas/PA_AD_RT_v2_2.xml: Arquivo de hash baixado é HTML (erro de download ou 404).
[ERRO] Falha ao validar hash de politicas-baixadas/PA_AD_RT_v2_1.xml: Arquivo de hash baixado é HTML (erro de download ou 404).
[ERRO] Falha ao validar hash de politicas-baixadas/PA_AD_RA_v2_1.xml: Arquivo de hash baixado é HTML (erro de download ou 404).
[ERRO] Falha ao validar hash de politicas-baixadas/PA_AD_RV_v2_2.xml: Arquivo de hash baixado é HTML (erro de download ou 404).
[ERRO] Falha ao validar hash de politicas-baixadas/PA_AD_RA_v2_2.xml: Arquivo de hash baixado é HTML (erro de download ou 404).
[ERRO] Falha ao validar hash de politicas-baixadas/PA_AD_RC_v2_1.xml: Arquivo de hash baixado é HTML (erro de download ou 404).
[ERRO] Falha ao validar hash de politicas-baixadas/PA_AD_RC_v2_2.xml: Arquivo de hash baixado é HTML (erro de download ou 404).
[ERRO] Falha ao validar hash de politicas-baixadas/PA_AD_RB_v1_1.xml: Arquivo de hash baixado é HTML (erro de download ou 404).
[ERRO] Falha ao validar hash de politicas-baixadas/PA_AD_RA_v2_0.xml: Arquivo de hash baixado é HTML (erro de download ou 404).
[ERRO] Falha ao validar hash de politicas-baixadas/PA_AD_RT_v2_0.xml: Arquivo de hash baixado é HTML (erro de download ou 404).
[ERRO] Falha ao validar hash de politicas-baixadas/PA_AD_RB_v2_3.xml: Arquivo de hash baixado é HTML (erro de download ou 404).
[ERRO] Falha ao validar hash de politicas-baixadas/PA_AD_RB.xml: Arquivo de hash baixado é HTML (erro de download ou 404).
[ERRO] Falha ao validar hash de politicas-baixadas/PA_AD_RT_v1_2.xml: Arquivo de hash baixado é HTML (erro de download ou 404).
[ERRO] Falha ao validar hash de politicas-baixadas/PA_AD_RT.xml: Arquivo de hash baixado é HTML (erro de download ou 404).
[ERRO] Falha ao validar hash de politicas-baixadas/PA_AD_RA_v1_2.xml: Arquivo de hash baixado é HTML (erro de download ou 404).
[ERRO] Falha ao validar hash de politicas-baixadas/PA_AD_RV_v1_2.xml: Arquivo de hash baixado é HTML (erro de download ou 404).
[ERRO] Falha ao validar hash de politicas-baixadas/PA_AD_RC_v1_2.xml: Arquivo de hash baixado é HTML (erro de download ou 404).
[ERRO] Falha ao validar hash de politicas-baixadas/PA_AD_RT_v2_3.xml: Arquivo de hash baixado é HTML (erro de download ou 404).
[ERRO] Falha ao validar hash de politicas-baixadas/PA_AD_RC.xml: Arquivo de hash baixado é HTML (erro de download ou 404).
[ERRO] Falha ao validar hash de politicas-baixadas/PA_AD_RA_v2_3.xml: Arquivo de hash baixado é HTML (erro de download ou 404).
[ERRO] Falha ao validar hash de politicas-baixadas/PA_AD_RA.xml: Arquivo de hash baixado é HTML (erro de download ou 404).
[ERRO] Falha ao validar hash de politicas-baixadas/PA_AD_RV.xml: Arquivo de hash baixado é HTML (erro de download ou 404).
[ERRO] Falha ao validar hash de politicas-baixadas/PA_AD_RV_v2_3.xml: Arquivo de hash baixado é HTML (erro de download ou 404).
[ERRO] Falha ao validar hash de politicas-baixadas/PA_AD_RT_v1_1.xml: Arquivo de hash baixado é HTML (erro de download ou 404).
[ERRO] Falha ao validar hash de politicas-baixadas/PA_AD_RC_v1_1.xml: Arquivo de hash baixado é HTML (erro de download ou 404).
[ERRO] Falha ao validar hash de politicas-baixadas/PA_AD_RB_v1_2.xml: Arquivo de hash baixado é HTML (erro de download ou 404).
[ERRO] Falha ao validar hash de politicas-baixadas/PA_AD_RA_v1_1.xml: Arquivo de hash baixado é HTML (erro de download ou 404).
[ERRO] Falha ao validar hash de politicas-baixadas/PA_AD_RC_v2_3.xml: Arquivo de hash baixado é HTML (erro de download ou 404).
[ERRO] Falha ao validar hash de politicas-baixadas/PA_AD_RV_v2_5.xml: Arquivo de hash baixado é HTML (erro de download ou 404).
[ERRO] Falha ao validar hash de politicas-baixadas/PA_PAdES_AD_RA_v1_1.der: Arquivo de hash baixado é HTML (erro de download ou 404).
[ERRO] Falha ao validar hash de politicas-baixadas/PA_AD_RB_v2_2.xml: Arquivo de hash baixado é HTML (erro de download ou 404).
[INFO] Arquivo de hash baixado: validacao-hash/PA_AD_RB_v1_2xml-sha256.txt
[ERRO] Falha ao validar hash de politicas-baixadas/LPAv2.asn: Arquivo de hash baixado é HTML (erro de download ou 404).
[ERRO] Falha ao validar hash de politicas-baixadas/ICP_BR_Extensoes_PAdES.asn: Arquivo de hash baixado é HTML (erro de download ou 404).
[ERRO] Falha ao validar hash de politicas-baixadas/PA_AD_RB_v2_0.der: Arquivo de hash baixado é HTML (erro de download ou 404).
[ERRO] Falha ao validar hash de politicas-baixadas/PA_AD_RB_v2_1.der: Arquivo de hash baixado é HTML (erro de download ou 404).
[ERRO] Falha ao validar hash de politicas-baixadas/LPA_XAdES.xsd: Arquivo de hash baixado é HTML (erro de download ou 404).
[ERRO] Falha ao validar hash de politicas-baixadas/PA_AD_RV_v2_0.der: Arquivo de hash baixado é HTML (erro de download ou 404).
[ERRO] Falha ao validar hash de politicas-baixadas/PA_AD_RV_v2_1.der: Arquivo de hash baixado é HTML (erro de download ou 404).
[ERRO] Falha ao validar hash de politicas-baixadas/PA_AD_RB_v2_3.der: Arquivo de hash baixado é HTML (erro de download ou 404).
[ERRO] Falha ao validar hash de politicas-baixadas/PA_AD_RC_v2_1.der: Arquivo de hash baixado é HTML (erro de download ou 404).
[ERRO] Falha ao validar hash de politicas-baixadas/PA_AD_RA_v2_1.der: Arquivo de hash baixado é HTML (erro de download ou 404).
[ERRO] Falha ao validar hash de politicas-baixadas/PA_AD_RC_v2_3.der: Arquivo de hash baixado é HTML (erro de download ou 404).
[ERRO] Falha ao validar hash de politicas-baixadas/PA_AD_RA_v2_2.der: Arquivo de hash baixado é HTML (erro de download ou 404).
[ERRO] Falha ao validar hash de politicas-baixadas/PA_AD_RC_v2_4.der: Arquivo de hash baixado é HTML (erro de download ou 404).
[ERRO] Falha ao validar hash de politicas-baixadas/PA_AD_RT_v2_4.der: Arquivo de hash baixado é HTML (erro de download ou 404).
[ERRO] Falha ao validar hash de politicas-baixadas/PA_AD_RT_v2_0.der: Arquivo de hash baixado é HTML (erro de download ou 404).
[ERRO] Falha ao validar hash de politicas-baixadas/PA_PAdES_AD_RB_v1_2.der: Arquivo de hash baixado é HTML (erro de download ou 404).
[ERRO] Falha ao validar hash de politicas-baixadas/PA_AD_RB_v2_4.xml: Arquivo de hash baixado é HTML (erro de download ou 404).
[ERRO] Falha ao validar hash de politicas-baixadas/PA_PAdES_AD_RA_v1_3.der: Arquivo de hash baixado é HTML (erro de download ou 404).
[ERRO] Falha ao validar hash de politicas-baixadas/PA_AD_RC.der: Arquivo de hash baixado é HTML (erro de download ou 404).
[ERRO] Falha ao validar hash de politicas-baixadas/PA_AD_RB_v2_2.der: Arquivo de hash baixado é HTML (erro de download ou 404).
[ERRO] Falha ao validar hash de politicas-baixadas/PA_AD_RA.der: Arquivo de hash baixado é HTML (erro de download ou 404).
[ERRO] Falha ao validar hash de politicas-baixadas/PA_AD_RB.der: Arquivo de hash baixado é HTML (erro de download ou 404).
[ERRO] Falha ao validar hash de politicas-baixadas/PA_PAdES_AD_RA_v1_2.der: Arquivo de hash baixado é HTML (erro de download ou 404).
[ERRO] Falha ao validar hash de politicas-baixadas/PA_PAdES_AD_RT_v1_0.der: Arquivo de hash baixado é HTML (erro de download ou 404).
[ERRO] Falha ao validar hash de politicas-baixadas/PA_AD_RC_v2_0.der: Arquivo de hash baixado é HTML (erro de download ou 404).
[ERRO] Falha ao validar hash de politicas-baixadas/PA_AD_RT_v2_1.der: Arquivo de hash baixado é HTML (erro de download ou 404).
[ERRO] Falha ao validar hash de politicas-baixadas/PA_AD_RC_v2_5.xml: Arquivo de hash baixado é HTML (erro de download ou 404).
[ERRO] Falha ao validar hash de politicas-baixadas/PA_AD_RV.der: Arquivo de hash baixado é HTML (erro de download ou 404).
[ERRO] Falha ao validar hash de politicas-baixadas/PA_AD_RV_v2_3.der: Arquivo de hash baixado é HTML (erro de download ou 404).
[ERRO] Falha ao validar hash de politicas-baixadas/PA_AD_RV_v1_1.xml: Arquivo de hash baixado é HTML (erro de download ou 404).
[ERRO] Falha ao validar hash de politicas-baixadas/PA_AD_RT_v1_1.der: Arquivo de hash baixado é HTML (erro de download ou 404).
[ERRO] Falha ao validar hash de politicas-baixadas/PA_AD_RB_v2_5.xml: Arquivo de hash baixado é HTML (erro de download ou 404).
[ERRO] Falha ao validar hash de politicas-baixadas/PA_AD_RV_v2_4.der: Arquivo de hash baixado é HTML (erro de download ou 404).
[ERRO] Falha ao validar hash de politicas-baixadas/PA_AD_RT_v2_5.xml: Arquivo de hash baixado é HTML (erro de download ou 404).
[ERRO] Falha ao validar hash de politicas-baixadas/PA_AD_RV_v1_1.der: Arquivo de hash baixado é HTML (erro de download ou 404).
[ERRO] Falha ao validar hash de politicas-baixadas/PA_AD_RA_v2_5.xml: Arquivo de hash baixado é HTML (erro de download ou 404).
[ERRO] Falha ao validar hash de politicas-baixadas/PA_PAdES_AD_RB_v1_0.der: Arquivo de hash baixado é HTML (erro de download ou 404).
[ERRO] Falha ao validar hash de politicas-baixadas/PA_AD_RA_v2_3.der: Arquivo de hash baixado é HTML (erro de download ou 404).
[ERRO] Falha ao validar hash de politicas-baixadas/PA_PAdES_AD_RC_v1_1.der: Arquivo de hash baixado é HTML (erro de download ou 404).
[ERRO] Falha ao validar hash de politicas-baixadas/PA_AD_RV_v2_1.xml: Arquivo de hash baixado é HTML (erro de download ou 404).
[ERRO] Falha ao validar hash de politicas-baixadas/PA_AD_RC_v2_0.xml: Arquivo de hash baixado é HTML (erro de download ou 404).
[ERRO] Falha ao validar hash de politicas-baixadas/PA_AD_RA_v2_5.der: Arquivo de hash baixado é HTML (erro de download ou 404).
[ERRO] Falha ao validar hash de politicas-baixadas/PA_AD_RT_v2_3.der: Arquivo de hash baixado é HTML (erro de download ou 404).
[ERRO] Falha ao validar hash de politicas-baixadas/PA_AD_RC_v2_4.xml: Arquivo de hash baixado é HTML (erro de download ou 404).

Resumo:
Total de políticas a serem baixadas: 198
Total baixadas: 198
Total com erro de download: 0
Baixando arquivo: http://politicas.icpbrasil.gov.br/PA_AD_RV_xml-sha256.txt
Baixando arquivo: http://politicas.icpbrasil.gov.br/PA_AD_RT_v2_1.der
Baixando arquivo: http://politicas.icpbrasil.gov.br/PA_AD_RT_v2_4.xml
Baixando arquivo: http://politicas.icpbrasil.gov.br/PA_AD_RT_v1_1.xml
Baixando arquivo: http://politicas.icpbrasil.gov.br/PA_AD_RT_v1_1xml-sha256.txt
Baixando arquivo: http://politicas.icpbrasil.gov.br/PA_AD_RT_v1_1der-sha256.txt
Baixando arquivo: http://politicas.icpbrasil.gov.br/PA_AD_RT_v1_2.xml
Baixando arquivo: http://politicas.icpbrasil.gov.br/PA_AD_RT_v1_2xml-sha256.txt
Baixando arquivo: http://politicas.icpbrasil.gov.br/PA_AD_RT_v2_0.xml
Baixando arquivo: http://politicas.icpbrasil.gov.br/PA_AD_RT_v2_0xml-sha256.txt
Baixando arquivo: http://politicas.icpbrasil.gov.br/PA.xsd
Baixando arquivo: http://politicas.icpbrasil.gov.br/PA_xsd-sha256.txt
Baixando arquivo: http://politicas.icpbrasil.gov.br/LPA_XAdES.xsd
Baixando arquivo: http://politicas.icpbrasil.gov.br/PA_AD_RT_v2_1.xml
Baixando arquivo: http://politicas.icpbrasil.gov.br/PA_AD_RT_v2_1xml-sha256.txt
Baixando arquivo: http://politicas.icpbrasil.gov.br/PA_AD_RT_v2_2.xml
Baixando arquivo: http://politicas.icpbrasil.gov.br/LPA_XAdES_xsd-sha256.txt
Baixando arquivo: http://politicas.icpbrasil.gov.br/PA_AD_RT_v2_2xml-sha256.txt
Baixando arquivo: http://politicas.icpbrasil.gov.br/LPAv2.asn
Baixando arquivo: http://politicas.icpbrasil.gov.br/LPAv2_asn-sha256.txt
Baixando arquivo: http://politicas.icpbrasil.gov.br/PA_AD_RT_v2_3.xml
Baixando arquivo: http://politicas.icpbrasil.gov.br/ICP_BR_Extensoes_PAdES.asn
Baixando arquivo: http://politicas.icpbrasil.gov.br/PA_AD_RT_v2_3xml-sha256.txt
Baixando arquivo: http://politicas.icpbrasil.gov.br/PA_AD_RV_v1_1.der
Baixando arquivo: http://politicas.icpbrasil.gov.br/ICP_BR_Extensoes_PAdES_asn-sha256.txt
Baixando arquivo: http://politicas.icpbrasil.gov.br/PA_AD_RT_v2_4xml-sha256.txt
Baixando arquivo: http://politicas.icpbrasil.gov.br/PA_AD_RB.der
Baixando arquivo: http://politicas.icpbrasil.gov.br/PA_AD_RB_der-sha256.txt
Baixando arquivo: http://politicas.icpbrasil.gov.br/PA_AD_RB_v1_1.der
Baixando arquivo: http://politicas.icpbrasil.gov.br/PA_AD_RB_v1_1der-sha256.txt
Baixando arquivo: http://politicas.icpbrasil.gov.br/PA_AD_RB_v2_0.der
Baixando arquivo: http://politicas.icpbrasil.gov.br/PA_AD_RB_v2_0der-sha256.txt
Baixando arquivo: http://politicas.icpbrasil.gov.br/PA_AD_RT_v2_5.xml
Baixando arquivo: http://politicas.icpbrasil.gov.br/PA_AD_RT_v2_5xml-sha256.txt
Baixando arquivo: http://politicas.icpbrasil.gov.br/PA_AD_RB_v2_1.der
Baixando arquivo: http://politicas.icpbrasil.gov.br/PA_PAdES_AD_RT_v1_0.der
Baixando arquivo: http://politicas.icpbrasil.gov.br/PA_PAdES_AD_RT_v1_0der-sha256.txt
Baixando arquivo: http://politicas.icpbrasil.gov.br/PA_AD_RB_v2_1der-sha256.txt
Baixando arquivo: http://politicas.icpbrasil.gov.br/PA_AD_RB_v2_2.der
Baixando arquivo: http://politicas.icpbrasil.gov.br/PA_AD_RB_v2_2der-sha256.txt
Baixando arquivo: http://politicas.icpbrasil.gov.br/PA_AD_RB_v2_3.der
Baixando arquivo: http://politicas.icpbrasil.gov.br/PA_PAdES_AD_RT_v1_1.der
Baixando arquivo: http://politicas.icpbrasil.gov.br/PA_AD_RB_v2_3der-sha256.txt
Baixando arquivo: http://politicas.icpbrasil.gov.br/PA_PAdES_AD_RT_v1_1der-sha256.txt
Baixando arquivo: http://politicas.icpbrasil.gov.br/PA_AD_RB_v2_4.der
Baixando arquivo: http://politicas.icpbrasil.gov.br/PA_PAdES_AD_RT_v1_2.der
Baixando arquivo: http://politicas.icpbrasil.gov.br/PA_AD_RB_v2_4der-sha256.txt
Baixando arquivo: http://politicas.icpbrasil.gov.br/PA_PAdES_AD_RT_v1_2der-sha256.txt
Baixando arquivo: http://politicas.icpbrasil.gov.br/PA_AD_RB.xml
Baixando arquivo: http://politicas.icpbrasil.gov.br/PA_AD_RV.der
Baixando arquivo: http://politicas.icpbrasil.gov.br/PA_AD_RB_xml-sha256.txt
Baixando arquivo: http://politicas.icpbrasil.gov.br/PA_AD_RB_v1_1.xml
Baixando arquivo: http://politicas.icpbrasil.gov.br/PA_AD_RV_der-sha256.txt
Baixando arquivo: http://politicas.icpbrasil.gov.br/PA_AD_RB_v1_1xml-sha256.txt
Baixando arquivo: http://politicas.icpbrasil.gov.br/PA_AD_RT_v2_4.der
Baixando arquivo: http://politicas.icpbrasil.gov.br/PA_AD_RB_v1_2.xml
Baixando arquivo: http://politicas.icpbrasil.gov.br/PA_AD_RT_v2_3.der
Baixando arquivo: http://politicas.icpbrasil.gov.br/PA_AD_RT_xml-sha256.txt
Baixando arquivo: http://politicas.icpbrasil.gov.br/PA_AD_RB_v1_2xml-sha256.txt
Baixando arquivo: http://politicas.icpbrasil.gov.br/PA_AD_RT_v2_3der-sha256.txt
Baixando arquivo: http://politicas.icpbrasil.gov.br/PA_AD_RT_v2_4der-sha256.txt
Baixando arquivo: http://politicas.icpbrasil.gov.br/PA_AD_RB_v2_0.xml
Baixando arquivo: http://politicas.icpbrasil.gov.br/PA_AD_RB_v2_0xml-sha256.txt
Baixando arquivo: http://politicas.icpbrasil.gov.br/PA_AD_RV_v2_2.der
Baixando arquivo: http://politicas.icpbrasil.gov.br/PA_AD_RB_v2_1.xml
Baixando arquivo: http://politicas.icpbrasil.gov.br/PA_AD_RT.xml
Baixando arquivo: http://politicas.icpbrasil.gov.br/PA_AD_RV_v1_1der-sha256.txt
Baixando arquivo: http://politicas.icpbrasil.gov.br/PA_PAdES_AD_RB_v1_0.der
Baixando arquivo: http://politicas.icpbrasil.gov.br/PA_AD_RB_v2_2.xml
Baixando arquivo: http://politicas.icpbrasil.gov.br/PA_AD_RB_v2_1xml-sha256.txt
Baixando arquivo: http://politicas.icpbrasil.gov.br/PA_AD_RB_v2_2xml-sha256.txt
Baixando arquivo: http://politicas.icpbrasil.gov.br/PA_PAdES_AD_RB_v1_0der-sha256.txt
Baixando arquivo: http://politicas.icpbrasil.gov.br/PA_AD_RB_v2_3.xml
Baixando arquivo: http://politicas.icpbrasil.gov.br/PA_PAdES_AD_RB_v1_1.der
Baixando arquivo: http://politicas.icpbrasil.gov.br/PA_AD_RB_v2_3xml-sha256.txt
Baixando arquivo: http://politicas.icpbrasil.gov.br/PA_PAdES_AD_RB_v1_1der-sha256.txt
Baixando arquivo: http://politicas.icpbrasil.gov.br/PA_AD_RB_v2_4.xml
Baixando arquivo: http://politicas.icpbrasil.gov.br/PA_AD_RV_v2_0.der
Baixando arquivo: http://politicas.icpbrasil.gov.br/PA_PAdES_AD_RB_v1_2.der
Baixando arquivo: http://politicas.icpbrasil.gov.br/PA_PAdES_AD_RB_v1_2der-sha256.txt
Baixando arquivo: http://politicas.icpbrasil.gov.br/PA_AD_RV_v2_0der-sha256.txt
Baixando arquivo: http://politicas.icpbrasil.gov.br/PA_AD_RT.der
Baixando arquivo: http://politicas.icpbrasil.gov.br/PA_AD_RV_v2_1.der
Baixando arquivo: http://politicas.icpbrasil.gov.br/PA_AD_RT_der-sha256.txt
Baixando arquivo: http://politicas.icpbrasil.gov.br/PA_AD_RV_v2_1der-sha256.txt
Baixando arquivo: http://politicas.icpbrasil.gov.br/PA_AD_RB_v2_5.xml
Baixando arquivo: http://politicas.icpbrasil.gov.br/PA_AD_RV_v2_3der-sha256.txt
Baixando arquivo: http://politicas.icpbrasil.gov.br/PA_AD_RV_v2_2der-sha256.txt
Baixando arquivo: http://politicas.icpbrasil.gov.br/PA_AD_RV_v2_4.der
Baixando arquivo: http://politicas.icpbrasil.gov.br/PA_AD_RV_v2_4der-sha256.txt
Baixando arquivo: http://politicas.icpbrasil.gov.br/PA_AD_RV_v2_3.der
Baixando arquivo: http://politicas.icpbrasil.gov.br/PA_AD_RT_v2_2der-sha256.txt
Baixando arquivo: http://politicas.icpbrasil.gov.br/PA_AD_RT_v1_1.der
Baixando arquivo: http://politicas.icpbrasil.gov.br/PA_AD_RV.xml
Baixando arquivo: http://politicas.icpbrasil.gov.br/PA_AD_RT_v2_0.der
Baixando arquivo: http://politicas.icpbrasil.gov.br/PA_AD_RT_v2_1der-sha256.txt
Baixando arquivo: http://politicas.icpbrasil.gov.br/PA_AD_RT_v2_2.der
Baixando arquivo: http://politicas.icpbrasil.gov.br/PA_AD_RT_v2_0der-sha256.txt
Baixando arquivo: http://politicas.icpbrasil.gov.br/PA_AD_RB_v2_5xml-sha256.txt
Baixando arquivo: http://politicas.icpbrasil.gov.br/PA_AD_RB_v2_4xml-sha256.txt
[INFO] Arquivo de hash baixado: validacao-hash/PA_AD_RB_v1_1der-sha256.txt
[INFO] Arquivo de hash baixado: validacao-hash/ICP_BR_Extensoes_PAdES_asn-sha256.txt
[INFO] Arquivo de hash baixado: validacao-hash/PA_AD_RT_v2_3xml-sha256.txt
[INFO] Arquivo de hash baixado: validacao-hash/PA_AD_RV_xml-sha256.txt
[INFO] Arquivo de hash baixado: validacao-hash/PA_AD_RB_v2_2der-sha256.txt
[INFO] Arquivo de hash baixado: validacao-hash/PA_AD_RV_v2_3der-sha256.txt
[INFO] Arquivo de hash baixado: validacao-hash/PA_AD_RB_v2_4der-sha256.txt
[INFO] Arquivo de hash baixado: validacao-hash/PA_AD_RV_der-sha256.txt
[INFO] Arquivo de hash baixado: validacao-hash/PA_AD_RB_v1_1xml-sha256.txt
[INFO] Arquivo de hash baixado: validacao-hash/PA_AD_RT_der-sha256.txt
[INFO] Arquivo de hash baixado: validacao-hash/PA_AD_RV_v2_1der-sha256.txt
[INFO] Arquivo de hash baixado: validacao-hash/PA_AD_RB_v2_4xml-sha256.txt
[INFO] Arquivo de hash baixado: validacao-hash/PA_PAdES_AD_RB_v1_1der-sha256.txt
[INFO] Arquivo de hash baixado: validacao-hash/PA_AD_RB_v2_0der-sha256.txt
[INFO] Arquivo de hash baixado: validacao-hash/PA_AD_RT_v2_3der-sha256.txt
[INFO] Arquivo de hash baixado: validacao-hash/PA_PAdES_AD_RT_v1_1der-sha256.txt
[INFO] Arquivo de hash baixado: validacao-hash/PA_AD_RT_v2_0der-sha256.txt
[INFO] Arquivo de hash baixado: validacao-hash/PA_AD_RB_v2_1der-sha256.txt
[INFO] Arquivo de hash baixado: validacao-hash/PA_AD_RT_v2_1der-sha256.txt
[INFO] Arquivo de hash baixado: validacao-hash/PA_AD_RV_v2_4der-sha256.txt
[INFO] Arquivo de hash baixado: validacao-hash/PA_AD_RB_v2_5xml-sha256.txt
[INFO] Arquivo de hash baixado: validacao-hash/PA_AD_RT_v2_2der-sha256.txt
[INFO] Arquivo de hash baixado: validacao-hash/PA_AD_RT_v2_4der-sha256.txt
[INFO] Arquivo de hash baixado: validacao-hash/PA_AD_RV_v2_2der-sha256.txt
[INFO] Arquivo de hash baixado: validacao-hash/PA_AD_RV_v2_0der-sha256.txt
[INFO] Arquivo de hash baixado: validacao-hash/PA_AD_RB_v2_3xml-sha256.txt
[INFO] Arquivo de hash baixado: validacao-hash/PA_AD_RB_v2_0xml-sha256.txt
[INFO] Arquivo de hash baixado: validacao-hash/PA_PAdES_AD_RT_v1_0der-sha256.txt
[INFO] Arquivo de hash baixado: validacao-hash/PA_AD_RB_der-sha256.txt
[INFO] Arquivo de hash baixado: validacao-hash/PA_PAdES_AD_RT_v1_2der-sha256.txt
[INFO] Arquivo de hash baixado: validacao-hash/PA_AD_RT_v2_4xml-sha256.txt
[INFO] Arquivo de hash baixado: validacao-hash/PA_AD_RT_v1_2xml-sha256.txt
[INFO] Arquivo de hash baixado: validacao-hash/PA_PAdES_AD_RB_v1_2der-sha256.txt
[INFO] Arquivo de hash baixado: validacao-hash/PA_AD_RT_v1_1xml-sha256.txt
[INFO] Arquivo de hash baixado: validacao-hash/LPAv2_asn-sha256.txt
[INFO] Arquivo de hash baixado: validacao-hash/PA_AD_RB_xml-sha256.txt
[INFO] Arquivo de hash baixado: validacao-hash/PA_PAdES_AD_RB_v1_0der-sha256.txt
[INFO] Arquivo de hash baixado: validacao-hash/PA_AD_RB_v2_1xml-sha256.txt
[INFO] Arquivo de hash baixado: validacao-hash/PA_AD_RB_v2_3der-sha256.txt
[INFO] Arquivo de hash baixado: validacao-hash/PA_AD_RT_xml-sha256.txt
[INFO] Arquivo de hash baixado: validacao-hash/PA_xsd-sha256.txt
[INFO] Arquivo de hash baixado: validacao-hash/PA_AD_RT_v2_5xml-sha256.txt
[INFO] Arquivo de hash baixado: validacao-hash/PA_AD_RB_v1_2xml-sha256.txt
[INFO] Arquivo de hash baixado: validacao-hash/PA_AD_RV_v1_1der-sha256.txt
[INFO] Arquivo de hash baixado: validacao-hash/PA_AD_RT_v2_2xml-sha256.txt
[INFO] Arquivo de hash baixado: validacao-hash/PA_AD_RT_v2_0xml-sha256.txt
[INFO] Arquivo de hash baixado: validacao-hash/LPA_XAdES_xsd-sha256.txt
[INFO] Arquivo de hash baixado: validacao-hash/PA_AD_RT_v1_1der-sha256.txt
[INFO] Arquivo de hash baixado: validacao-hash/PA_AD_RB_v2_2xml-sha256.txt
[INFO] Arquivo de hash baixado: validacao-hash/PA_AD_RT_v2_1xml-sha256.txt
[ERRO] Falha ao validar hash de politicas-baixadas/PA_AD_RB_v1_2.xml: Arquivo de hash baixado é HTML (erro de download ou 404).
[ERRO] Falha ao validar hash de politicas-baixadas/PA_AD_RV_v1_1.der: Arquivo de hash baixado é HTML (erro de download ou 404).
[ERRO] Falha ao validar hash de politicas-baixadas/PA_AD_RT_v2_2.xml: Arquivo de hash baixado é HTML (erro de download ou 404).
[ERRO] Falha ao validar hash de politicas-baixadas/PA_AD_RB_v2_3.xml: Arquivo de hash baixado é HTML (erro de download ou 404).
[ERRO] Falha ao validar hash de politicas-baixadas/PA_AD_RT_v2_0.xml: Arquivo de hash baixado é HTML (erro de download ou 404).
[ERRO] Falha ao validar hash de politicas-baixadas/PA_AD_RB.xml: Arquivo de hash baixado é HTML (erro de download ou 404).
[ERRO] Falha ao validar hash de politicas-baixadas/PA_AD_RT_v2_3.xml: Arquivo de hash baixado é HTML (erro de download ou 404).
[ERRO] Falha ao validar hash de politicas-baixadas/PA_AD_RT_v1_1.xml: Arquivo de hash baixado é HTML (erro de download ou 404).
[ERRO] Falha ao validar hash de politicas-baixadas/PA_AD_RT_v2_1.xml: Arquivo de hash baixado é HTML (erro de download ou 404).
[ERRO] Falha ao validar hash de politicas-baixadas/PA_AD_RT_v2_4.der: Arquivo de hash baixado é HTML (erro de download ou 404).
[ERRO] Falha ao validar hash de politicas-baixadas/PA_AD_RT_v1_1.der: Arquivo de hash baixado é HTML (erro de download ou 404).
[ERRO] Falha ao validar hash de politicas-baixadas/PA_PAdES_AD_RB_v1_1.der: Arquivo de hash baixado é HTML (erro de download ou 404).
[ERRO] Falha ao validar hash de politicas-baixadas/PA_AD_RB_v2_4.der: Arquivo de hash baixado é HTML (erro de download ou 404).
[ERRO] Falha ao validar hash de politicas-baixadas/PA_AD_RT_v2_4.xml: Arquivo de hash baixado é HTML (erro de download ou 404).
[ERRO] Falha ao validar hash de politicas-baixadas/PA.xsd: Arquivo de hash baixado é HTML (erro de download ou 404).
[ERRO] Falha ao validar hash de politicas-baixadas/PA_AD_RT_v2_3.der: Arquivo de hash baixado é HTML (erro de download ou 404).
[ERRO] Falha ao validar hash de politicas-baixadas/PA_PAdES_AD_RT_v1_1.der: Arquivo de hash baixado é HTML (erro de download ou 404).
[ERRO] Falha ao validar hash de politicas-baixadas/PA_PAdES_AD_RT_v1_0.der: Arquivo de hash baixado é HTML (erro de download ou 404).
[ERRO] Falha ao validar hash de politicas-baixadas/PA_AD_RB_v2_1.xml: Arquivo de hash baixado é HTML (erro de download ou 404).
[ERRO] Falha ao validar hash de politicas-baixadas/PA_AD_RB_v2_2.xml: Arquivo de hash baixado é HTML (erro de download ou 404).
[ERRO] Falha ao validar hash de politicas-baixadas/LPAv2.asn: Arquivo de hash baixado é HTML (erro de download ou 404).
[ERRO] Falha ao validar hash de politicas-baixadas/PA_AD_RB_v2_1.der: Arquivo de hash baixado é HTML (erro de download ou 404).
[ERRO] Falha ao validar hash de politicas-baixadas/PA_AD_RB_v2_0.der: Arquivo de hash baixado é HTML (erro de download ou 404).
[ERRO] Falha ao validar hash de politicas-baixadas/PA_PAdES_AD_RB_v1_2.der: Arquivo de hash baixado é HTML (erro de download ou 404).
[ERRO] Falha ao validar hash de politicas-baixadas/PA_AD_RB_v2_4.xml: Arquivo de hash baixado é HTML (erro de download ou 404).
[ERRO] Falha ao validar hash de politicas-baixadas/PA_AD_RV_v2_1.der: Arquivo de hash baixado é HTML (erro de download ou 404).
[ERRO] Falha ao validar hash de politicas-baixadas/PA_AD_RV_v2_4.der: Arquivo de hash baixado é HTML (erro de download ou 404).
[ERRO] Falha ao validar hash de politicas-baixadas/PA_AD_RV_v2_3.der: Arquivo de hash baixado é HTML (erro de download ou 404).
[ERRO] Falha ao validar hash de politicas-baixadas/PA_AD_RT_v2_1.der: Arquivo de hash baixado é HTML (erro de download ou 404).
[ERRO] Falha ao validar hash de politicas-baixadas/LPA_XAdES.xsd: Arquivo de hash baixado é HTML (erro de download ou 404).
[ERRO] Falha ao validar hash de politicas-baixadas/PA_AD_RB_v1_1.der: Arquivo de hash baixado é HTML (erro de download ou 404).
[ERRO] Falha ao validar hash de politicas-baixadas/PA_AD_RT_v2_0.der: Arquivo de hash baixado é HTML (erro de download ou 404).
[ERRO] Falha ao validar hash de politicas-baixadas/PA_AD_RB_v2_3.der: Arquivo de hash baixado é HTML (erro de download ou 404).
[ERRO] Falha ao validar hash de politicas-baixadas/ICP_BR_Extensoes_PAdES.asn: Arquivo de hash baixado é HTML (erro de download ou 404).
[ERRO] Falha ao validar hash de politicas-baixadas/PA_AD_RV_v2_2.der: Arquivo de hash baixado é HTML (erro de download ou 404).
[ERRO] Falha ao validar hash de politicas-baixadas/PA_AD_RB_v2_2.der: Arquivo de hash baixado é HTML (erro de download ou 404).
[ERRO] Falha ao validar hash de politicas-baixadas/PA_AD_RT_v2_5.xml: Arquivo de hash baixado é HTML (erro de download ou 404).
[ERRO] Falha ao validar hash de politicas-baixadas/PA_AD_RB_v2_5.xml: Arquivo de hash baixado é HTML (erro de download ou 404).
[ERRO] Falha ao validar hash de politicas-baixadas/PA_AD_RV_v2_0.der: Arquivo de hash baixado é HTML (erro de download ou 404).
[ERRO] Falha ao validar hash de politicas-baixadas/PA_PAdES_AD_RT_v1_2.der: Arquivo de hash baixado é HTML (erro de download ou 404).
[ERRO] Falha ao validar hash de politicas-baixadas/PA_AD_RB.der: Arquivo de hash baixado é HTML (erro de download ou 404).
[ERRO] Falha ao validar hash de politicas-baixadas/PA_AD_RB_v2_0.xml: Arquivo de hash baixado é HTML (erro de download ou 404).
[ERRO] Falha ao validar hash de politicas-baixadas/PA_AD_RV.xml: Arquivo de hash baixado é HTML (erro de download ou 404).
[ERRO] Falha ao validar hash de politicas-baixadas/PA_AD_RB_v1_1.xml: Arquivo de hash baixado é HTML (erro de download ou 404).
[ERRO] Falha ao validar hash de politicas-baixadas/PA_AD_RT_v1_2.xml: Arquivo de hash baixado é HTML (erro de download ou 404).
[ERRO] Falha ao validar hash de politicas-baixadas/PA_AD_RT.xml: Arquivo de hash baixado é HTML (erro de download ou 404).
[ERRO] Falha ao validar hash de politicas-baixadas/PA_AD_RT_v2_2.der: Arquivo de hash baixado é HTML (erro de download ou 404).
[ERRO] Falha ao validar hash de politicas-baixadas/PA_AD_RT.der: Arquivo de hash baixado é HTML (erro de download ou 404).
[ERRO] Falha ao validar hash de politicas-baixadas/PA_PAdES_AD_RB_v1_0.der: Arquivo de hash baixado é HTML (erro de download ou 404).
[ERRO] Falha ao validar hash de politicas-baixadas/PA_AD_RV.der: Arquivo de hash baixado é HTML (erro de download ou 404).

Resumo:
Total de políticas a serem baixadas: 100
Total baixadas: 100
Total com erro de download: 0
Baixando arquivo: http://politicas.icpbrasil.gov.br/PA_AD_RB_v2_1.der
Baixando arquivo: http://politicas.icpbrasil.gov.br/PA_AD_RT_v2_5.xml
Baixando arquivo: http://politicas.icpbrasil.gov.br/PA_PAdES_AD_RC_v1_1der-sha256.txt
Baixando arquivo: http://politicas.icpbrasil.gov.br/LPAv2.asn
Baixando arquivo: http://politicas.icpbrasil.gov.br/LPAv2_asn-sha256.txt
Baixando arquivo: http://politicas.icpbrasil.gov.br/PA_AD_RB_v1_1.der
Baixando arquivo: http://politicas.icpbrasil.gov.br/ICP_BR_Extensoes_PAdES_asn-sha256.txt
Baixando arquivo: http://politicas.icpbrasil.gov.br/PA_AD_RB.der
Baixando arquivo: http://politicas.icpbrasil.gov.br/PA_AD_RB_der-sha256.txt
Baixando arquivo: http://politicas.icpbrasil.gov.br/PA_AD_RT_v2_0.der
Baixando arquivo: http://politicas.icpbrasil.gov.br/PA_AD_RB_v2_1der-sha256.txt
Baixando arquivo: http://politicas.icpbrasil.gov.br/PA_AD_RB_v2_2.der
Baixando arquivo: http://politicas.icpbrasil.gov.br/PA_AD_RB_v2_2der-sha256.txt
Baixando arquivo: http://politicas.icpbrasil.gov.br/PA_AD_RB_v2_3.der
Baixando arquivo: http://politicas.icpbrasil.gov.br/PA_AD_RB_v2_3xml-sha256.txt
Baixando arquivo: http://politicas.icpbrasil.gov.br/PA_AD_RB_v2_4.xml
Baixando arquivo: http://politicas.icpbrasil.gov.br/PA_AD_RB_v2_4xml-sha256.txt
Baixando arquivo: http://politicas.icpbrasil.gov.br/LPA_XAdES.xsd
Baixando arquivo: http://politicas.icpbrasil.gov.br/PA.xsd
Baixando arquivo: http://politicas.icpbrasil.gov.br/PA_xsd-sha256.txt
Baixando arquivo: http://politicas.icpbrasil.gov.br/PA_AD_RB_v2_0.der
Baixando arquivo: http://politicas.icpbrasil.gov.br/PA_AD_RB_v2_5.xml
Baixando arquivo: http://politicas.icpbrasil.gov.br/PA_AD_RB_v2_5xml-sha256.txt
Baixando arquivo: http://politicas.icpbrasil.gov.br/PA_PAdES_AD_RB_v1_0.der
Baixando arquivo: http://politicas.icpbrasil.gov.br/PA_PAdES_AD_RB_v1_0der-sha256.txt
Baixando arquivo: http://politicas.icpbrasil.gov.br/PA_PAdES_AD_RB_v1_1.der
Baixando arquivo: http://politicas.icpbrasil.gov.br/PA_AD_RB_v1_1der-sha256.txt
Baixando arquivo: http://politicas.icpbrasil.gov.br/PA_PAdES_AD_RB_v1_1der-sha256.txt
Baixando arquivo: http://politicas.icpbrasil.gov.br/PA_AD_RV_der-sha256.txt
Baixando arquivo: http://politicas.icpbrasil.gov.br/PA_PAdES_AD_RB_v1_2.der
Baixando arquivo: http://politicas.icpbrasil.gov.br/PA_AD_RT_v2_0der-sha256.txt
Baixando arquivo: http://politicas.icpbrasil.gov.br/PA_PAdES_AD_RB_v1_2der-sha256.txt
Baixando arquivo: http://politicas.icpbrasil.gov.br/PA_AD_RT_v2_1.der
Baixando arquivo: http://politicas.icpbrasil.gov.br/PA_AD_RB_v2_0der-sha256.txt
Baixando arquivo: http://politicas.icpbrasil.gov.br/PA_AD_RB_v1_2.xml
Baixando arquivo: http://politicas.icpbrasil.gov.br/PA_AD_RB_v2_3der-sha256.txt
Baixando arquivo: http://politicas.icpbrasil.gov.br/PA_AD_RB_v2_4.der
Baixando arquivo: http://politicas.icpbrasil.gov.br/PA_AD_RB_v2_3.xml
Baixando arquivo: http://politicas.icpbrasil.gov.br/PA_AD_RB_v2_4der-sha256.txt
Baixando arquivo: http://politicas.icpbrasil.gov.br/PA_AD_RB.xml
Baixando arquivo: http://politicas.icpbrasil.gov.br/PA_AD_RB_v2_1xml-sha256.txt
Baixando arquivo: http://politicas.icpbrasil.gov.br/PA_AD_RB_xml-sha256.txt
Baixando arquivo: http://politicas.icpbrasil.gov.br/PA_AD_RB_v2_2.xml
Baixando arquivo: http://politicas.icpbrasil.gov.br/PA_AD_RB_v1_1.xml
Baixando arquivo: http://politicas.icpbrasil.gov.br/PA_AD_RB_v1_1xml-sha256.txt
Baixando arquivo: http://politicas.icpbrasil.gov.br/PA_AD_RB_v2_2xml-sha256.txt
Baixando arquivo: http://politicas.icpbrasil.gov.br/PA_AD_RB_v2_0.xml
Baixando arquivo: http://politicas.icpbrasil.gov.br/PA_AD_RT_v2_1der-sha256.txt
Baixando arquivo: http://politicas.icpbrasil.gov.br/PA_AD_RT_v2_2.der
Baixando arquivo: http://politicas.icpbrasil.gov.br/PA_AD_RT_v2_2der-sha256.txt
Baixando arquivo: http://politicas.icpbrasil.gov.br/PA_AD_RB_v1_2xml-sha256.txt
Baixando arquivo: http://politicas.icpbrasil.gov.br/PA_AD_RT_v2_3.der
Baixando arquivo: http://politicas.icpbrasil.gov.br/PA_AD_RT_der-sha256.txt
Baixando arquivo: http://politicas.icpbrasil.gov.br/PA_AD_RT_v1_1.der
Baixando arquivo: http://politicas.icpbrasil.gov.br/PA_AD_RT.der
Baixando arquivo: http://politicas.icpbrasil.gov.br/PA_AD_RT_v2_3der-sha256.txt
Baixando arquivo: http://politicas.icpbrasil.gov.br/PA_AD_RB_v2_1.xml
Baixando arquivo: http://politicas.icpbrasil.gov.br/PA_AD_RT_v2_3.xml
Baixando arquivo: http://politicas.icpbrasil.gov.br/PA_AD_RT_v2_3xml-sha256.txt
Baixando arquivo: http://politicas.icpbrasil.gov.br/PA_AD_RT_v1_1der-sha256.txt
Baixando arquivo: http://politicas.icpbrasil.gov.br/PA_AD_RT_v2_4.xml
Baixando arquivo: http://politicas.icpbrasil.gov.br/PA_PAdES_AD_RA_v1_3der-sha256.txt
Baixando arquivo: http://politicas.icpbrasil.gov.br/PA_AD_RA_v2_2.der
Baixando arquivo: http://politicas.icpbrasil.gov.br/PA_AD_RB_v2_0xml-sha256.txt
Baixando arquivo: http://politicas.icpbrasil.gov.br/PA_AD_RT_v2_4xml-sha256.txt
Baixando arquivo: http://politicas.icpbrasil.gov.br/PA_AD_RC_v1_2xml-sha256.txt
Baixando arquivo: http://politicas.icpbrasil.gov.br/PA_AD_RA_v2_2der-sha256.txt
Baixando arquivo: http://politicas.icpbrasil.gov.br/PA_AD_RT_v1_2.xml
Baixando arquivo: http://politicas.icpbrasil.gov.br/PA_AD_RC_v1_2.xml
Baixando arquivo: http://politicas.icpbrasil.gov.br/PA_AD_RA_v2_3.der
Baixando arquivo: http://politicas.icpbrasil.gov.br/PA_AD_RT_v2_4.der
Baixando arquivo: http://politicas.icpbrasil.gov.br/PA_AD_RV_v1_1.der
Baixando arquivo: http://politicas.icpbrasil.gov.br/PA_AD_RC_v2_0.xml
Baixando arquivo: http://politicas.icpbrasil.gov.br/PA_AD_RA_v2_3der-sha256.txt
Baixando arquivo: http://politicas.icpbrasil.gov.br/PA_AD_RC_v2_0xml-sha256.txt
Baixando arquivo: http://politicas.icpbrasil.gov.br/PA_AD_RA_v2_4.der
Baixando arquivo: http://politicas.icpbrasil.gov.br/PA_AD_RC_v2_1.xml
Baixando arquivo: http://politicas.icpbrasil.gov.br/PA_AD_RA_v2_4der-sha256.txt
Baixando arquivo: http://politicas.icpbrasil.gov.br/PA_AD_RC_v2_1xml-sha256.txt
Baixando arquivo: http://politicas.icpbrasil.gov.br/PA_AD_RT_v2_2xml-sha256.txt
Baixando arquivo: http://politicas.icpbrasil.gov.br/PA_AD_RA_v2_5.der
Baixando arquivo: http://politicas.icpbrasil.gov.br/PA_AD_RT_v1_2xml-sha256.txt
Baixando arquivo: http://politicas.icpbrasil.gov.br/PA_AD_RT_v2_0.xml
Baixando arquivo: http://politicas.icpbrasil.gov.br/PA_AD_RV_v1_1der-sha256.txt
Baixando arquivo: http://politicas.icpbrasil.gov.br/PA_AD_RC_v2_2.xml
Baixando arquivo: http://politicas.icpbrasil.gov.br/PA_AD_RV_v2_0.der
Baixando arquivo: http://politicas.icpbrasil.gov.br/PA_AD_RC_v2_2xml-sha256.txt
Baixando arquivo: http://politicas.icpbrasil.gov.br/PA_AD_RV_v2_0der-sha256.txt
Baixando arquivo: http://politicas.icpbrasil.gov.br/PA_AD_RC_v2_3.xml
Baixando arquivo: http://politicas.icpbrasil.gov.br/PA_AD_RV_v2_1.der
Baixando arquivo: http://politicas.icpbrasil.gov.br/PA_AD_RC_v2_3xml-sha256.txt
Baixando arquivo: http://politicas.icpbrasil.gov.br/PA_AD_RT_v2_0xml-sha256.txt
Baixando arquivo: http://politicas.icpbrasil.gov.br/PA_AD_RT_v2_2.xml
Baixando arquivo: http://politicas.icpbrasil.gov.br/PA_AD_RA_v2_3.xml
Baixando arquivo: http://politicas.icpbrasil.gov.br/PA_AD_RA.xml
Baixando arquivo: http://politicas.icpbrasil.gov.br/PA_AD_RT_v2_1xml-sha256.txt
Baixando arquivo: http://politicas.icpbrasil.gov.br/PA_AD_RA_xml-sha256.txt
Baixando arquivo: http://politicas.icpbrasil.gov.br/PA_AD_RC_v2_4.xml
Baixando arquivo: http://politicas.icpbrasil.gov.br/PA_AD_RA_v1_1.xml
Baixando arquivo: http://politicas.icpbrasil.gov.br/PA_AD_RT_v2_1.xml
Baixando arquivo: http://politicas.icpbrasil.gov.br/PA_AD_RC_v2_4xml-sha256.txt
Baixando arquivo: http://politicas.icpbrasil.gov.br/PA_AD_RA_v1_1xml-sha256.txt
Baixando arquivo: http://politicas.icpbrasil.gov.br/PA_AD_RV_v2_4.xml
Baixando arquivo: http://politicas.icpbrasil.gov.br/PA_AD_RA_v1_2.xml
Baixando arquivo: http://politicas.icpbrasil.gov.br/PA_AD_RC_v2_5.xml
Baixando arquivo: http://politicas.icpbrasil.gov.br/PA_AD_RV_v2_2.der
Baixando arquivo: http://politicas.icpbrasil.gov.br/PA_AD_RC_v2_5xml-sha256.txt
Baixando arquivo: http://politicas.icpbrasil.gov.br/PA_AD_RV_v2_1der-sha256.txt
Baixando arquivo: http://politicas.icpbrasil.gov.br/PA_AD_RA_v1_2xml-sha256.txt
Baixando arquivo: http://politicas.icpbrasil.gov.br/PA_AD_RV_v2_4xml-sha256.txt
Baixando arquivo: http://politicas.icpbrasil.gov.br/PA_AD_RA_v2_0.xml
Baixando arquivo: http://politicas.icpbrasil.gov.br/PA_AD_RV_v2_5.xml
Baixando arquivo: http://politicas.icpbrasil.gov.br/PA_AD_RA_v2_0xml-sha256.txt
Baixando arquivo: http://politicas.icpbrasil.gov.br/PA_AD_RV_v2_5xml-sha256.txt
Baixando arquivo: http://politicas.icpbrasil.gov.br/PA_AD_RA_v2_1.xml
Baixando arquivo: http://politicas.icpbrasil.gov.br/PA_PAdES_AD_RC_v1_0.der
Baixando arquivo: http://politicas.icpbrasil.gov.br/PA_PAdES_AD_RC_v1_0der-sha256.txt
Baixando arquivo: http://politicas.icpbrasil.gov.br/PA_PAdES_AD_RC_v1_1.der
Baixando arquivo: http://politicas.icpbrasil.gov.br/PA_AD_RC.der
Baixando arquivo: http://politicas.icpbrasil.gov.br/PA_AD_RC_der-sha256.txt
Baixando arquivo: http://politicas.icpbrasil.gov.br/PA_AD_RC_v1_1.der
Baixando arquivo: http://politicas.icpbrasil.gov.br/PA_AD_RA_v2_1xml-sha256.txt
Baixando arquivo: http://politicas.icpbrasil.gov.br/PA_AD_RC_v1_1der-sha256.txt
Baixando arquivo: http://politicas.icpbrasil.gov.br/PA_AD_RA_v2_2.xml
Baixando arquivo: http://politicas.icpbrasil.gov.br/PA_AD_RC_v2_0.der
Baixando arquivo: http://politicas.icpbrasil.gov.br/LPA_XAdES_xsd-sha256.txt
Baixando arquivo: http://politicas.icpbrasil.gov.br/PA_AD_RC_v2_0der-sha256.txt
Baixando arquivo: http://politicas.icpbrasil.gov.br/PA_AD_RT_v2_5xml-sha256.txt
Baixando arquivo: http://politicas.icpbrasil.gov.br/PA_PAdES_AD_RT_v1_0.der
Baixando arquivo: http://politicas.icpbrasil.gov.br/PA_AD_RC_v2_1.der
Baixando arquivo: http://politicas.icpbrasil.gov.br/PA_AD_RA_v2_2xml-sha256.txt
Baixando arquivo: http://politicas.icpbrasil.gov.br/PA_AD_RC_v2_1der-sha256.txt
Baixando arquivo: http://politicas.icpbrasil.gov.br/PA_PAdES_AD_RA_v1_0.der
Baixando arquivo: http://politicas.icpbrasil.gov.br/PA_PAdES_AD_RT_v1_0der-sha256.txt
Baixando arquivo: http://politicas.icpbrasil.gov.br/PA_AD_RV_v2_2der-sha256.txt
Baixando arquivo: http://politicas.icpbrasil.gov.br/PA_PAdES_AD_RT_v1_1.der
Baixando arquivo: http://politicas.icpbrasil.gov.br/PA_PAdES_AD_RT_v1_1der-sha256.txt
Baixando arquivo: http://politicas.icpbrasil.gov.br/PA_AD_RV_v2_3.der
Baixando arquivo: http://politicas.icpbrasil.gov.br/PA_PAdES_AD_RT_v1_2.der
Baixando arquivo: http://politicas.icpbrasil.gov.br/PA_AD_RV_v2_3der-sha256.txt
Baixando arquivo: http://politicas.icpbrasil.gov.br/PA_AD_RV_v2_4.der
Baixando arquivo: http://politicas.icpbrasil.gov.br/PA_AD_RV_v2_4der-sha256.txt
Baixando arquivo: http://politicas.icpbrasil.gov.br/PA_AD_RC_v2_2.der
Baixando arquivo: http://politicas.icpbrasil.gov.br/PA_AD_RC_v2_2der-sha256.txt
Baixando arquivo: http://politicas.icpbrasil.gov.br/PA_AD_RV.xml
Baixando arquivo: http://politicas.icpbrasil.gov.br/PA_AD_RC_v2_3.der
Baixando arquivo: http://politicas.icpbrasil.gov.br/PA_AD_RV_xml-sha256.txt
Baixando arquivo: http://politicas.icpbrasil.gov.br/PA_AD_RC_v2_3der-sha256.txt
Baixando arquivo: http://politicas.icpbrasil.gov.br/PA_AD_RV_v1_1.xml
Baixando arquivo: http://politicas.icpbrasil.gov.br/PA_PAdES_AD_RT_v1_2der-sha256.txt
Baixando arquivo: http://politicas.icpbrasil.gov.br/PA_AD_RC_v2_4.der
Baixando arquivo: http://politicas.icpbrasil.gov.br/PA_AD_RC_v2_4der-sha256.txt
Baixando arquivo: http://politicas.icpbrasil.gov.br/PA_AD_RV.der
Baixando arquivo: http://politicas.icpbrasil.gov.br/PA_AD_RC.xml
Baixando arquivo: http://politicas.icpbrasil.gov.br/PA_AD_RA_v1_1.der
Baixando arquivo: http://politicas.icpbrasil.gov.br/PA_AD_RC_xml-sha256.txt
Baixando arquivo: http://politicas.icpbrasil.gov.br/PA_PAdES_AD_RC_v1_2.der
Baixando arquivo: http://politicas.icpbrasil.gov.br/PA_AD_RA_v2_3xml-sha256.txt
Baixando arquivo: http://politicas.icpbrasil.gov.br/PA_AD_RC_v1_1.xml
Baixando arquivo: http://politicas.icpbrasil.gov.br/PA_AD_RA_v2_4.xml
Baixando arquivo: http://politicas.icpbrasil.gov.br/PA_AD_RC_v1_1xml-sha256.txt
Baixando arquivo: http://politicas.icpbrasil.gov.br/PA_AD_RA_v2_4xml-sha256.txt
Baixando arquivo: http://politicas.icpbrasil.gov.br/PA_PAdES_AD_RC_v1_3der-sha256.txt
Baixando arquivo: http://politicas.icpbrasil.gov.br/PA_AD_RA_v2_5.xml
Baixando arquivo: http://politicas.icpbrasil.gov.br/PA_PAdES_AD_RC_v1_3.der
Baixando arquivo: http://politicas.icpbrasil.gov.br/PA_AD_RV_v1_1xml-sha256.txt
Baixando arquivo: http://politicas.icpbrasil.gov.br/PA_AD_RA_v2_5xml-sha256.txt
Baixando arquivo: http://politicas.icpbrasil.gov.br/PA_AD_RV_v1_2.xml
Baixando arquivo: http://politicas.icpbrasil.gov.br/PA_AD_RV_v1_2xml-sha256.txt
Baixando arquivo: http://politicas.icpbrasil.gov.br/PA_AD_RA.der
Baixando arquivo: http://politicas.icpbrasil.gov.br/PA_AD_RV_v2_0.xml
Baixando arquivo: http://politicas.icpbrasil.gov.br/PA_AD_RA_v2_0.der
Baixando arquivo: http://politicas.icpbrasil.gov.br/PA_AD_RA_v1_1der-sha256.txt
Baixando arquivo: http://politicas.icpbrasil.gov.br/PA_PAdES_AD_RA_v1_1der-sha256.txt
Baixando arquivo: http://politicas.icpbrasil.gov.br/PA_AD_RV_v2_0xml-sha256.txt
Baixando arquivo: http://politicas.icpbrasil.gov.br/PA_PAdES_AD_RA_v1_0der-sha256.txt
Baixando arquivo: http://politicas.icpbrasil.gov.br/PA_AD_RV_v2_1.xml
Baixando arquivo: http://politicas.icpbrasil.gov.br/PA_AD_RV_v2_1xml-sha256.txt
Baixando arquivo: http://politicas.icpbrasil.gov.br/PA_AD_RA_v1_2.der
Baixando arquivo: http://politicas.icpbrasil.gov.br/PA_AD_RV_v2_2.xml
Baixando arquivo: http://politicas.icpbrasil.gov.br/PA_PAdES_AD_RC_v1_2der-sha256.txt
Baixando arquivo: http://politicas.icpbrasil.gov.br/PA_AD_RA_v1_2der-sha256.txt
Baixando arquivo: http://politicas.icpbrasil.gov.br/PA_AD_RT_xml-sha256.txt
Baixando arquivo: http://politicas.icpbrasil.gov.br/PA_AD_RA_der-sha256.txt
Baixando arquivo: http://politicas.icpbrasil.gov.br/PA_AD_RA_v2_1.der
Baixando arquivo: http://politicas.icpbrasil.gov.br/PA_AD_RV_v2_2xml-sha256.txt
Baixando arquivo: http://politicas.icpbrasil.gov.br/PA_AD_RT.xml
Baixando arquivo: http://politicas.icpbrasil.gov.br/ICP_BR_Extensoes_PAdES.asn
Baixando arquivo: http://politicas.icpbrasil.gov.br/PA_AD_RA_v2_5der-sha256.txt
Baixando arquivo: http://politicas.icpbrasil.gov.br/PA_AD_RA_v2_0der-sha256.txt
Baixando arquivo: http://politicas.icpbrasil.gov.br/PA_PAdES_AD_RA_v1_2.der
Baixando arquivo: http://politicas.icpbrasil.gov.br/PA_PAdES_AD_RA_v1_3.der
Baixando arquivo: http://politicas.icpbrasil.gov.br/PA_AD_RT_v2_4der-sha256.txt
Baixando arquivo: http://politicas.icpbrasil.gov.br/PA_AD_RT_v1_1.xml
Baixando arquivo: http://politicas.icpbrasil.gov.br/PA_AD_RT_v1_1xml-sha256.txt
Baixando arquivo: http://politicas.icpbrasil.gov.br/PA_PAdES_AD_RA_v1_1.der
Baixando arquivo: http://politicas.icpbrasil.gov.br/PA_AD_RA_v2_1der-sha256.txt
Baixando arquivo: http://politicas.icpbrasil.gov.br/PA_AD_RV_v2_3xml-sha256.txt
Baixando arquivo: http://politicas.icpbrasil.gov.br/PA_AD_RV_v2_3.xml
Baixando arquivo: http://politicas.icpbrasil.gov.br/PA_PAdES_AD_RA_v1_2der-sha256.txt
[INFO] Arquivo de hash baixado: validacao-hash/PA_AD_RB_v1_1der-sha256.txt
[INFO] Arquivo de hash baixado: validacao-hash/PA_PAdES_AD_RT_v1_1der-sha256.txt
[INFO] Arquivo de hash baixado: validacao-hash/PA_AD_RB_v2_2der-sha256.txt
[INFO] Arquivo de hash baixado: validacao-hash/PA_AD_RB_v2_3xml-sha256.txt
[INFO] Arquivo de hash baixado: validacao-hash/PA_AD_RV_der-sha256.txt
[INFO] Arquivo de hash baixado: validacao-hash/PA_AD_RB_v2_5xml-sha256.txt
[INFO] Arquivo de hash baixado: validacao-hash/PA_AD_RA_v2_0xml-sha256.txt
[INFO] Arquivo de hash baixado: validacao-hash/PA_AD_RT_xml-sha256.txt
[INFO] Arquivo de hash baixado: validacao-hash/PA_AD_RT_v2_1xml-sha256.txt
[INFO] Arquivo de hash baixado: validacao-hash/PA_AD_RV_v2_4xml-sha256.txt
[INFO] Arquivo de hash baixado: validacao-hash/PA_AD_RC_v2_5xml-sha256.txt
[INFO] Arquivo de hash baixado: validacao-hash/PA_AD_RA_v1_2xml-sha256.txt
[INFO] Arquivo de hash baixado: validacao-hash/PA_AD_RC_v2_4xml-sha256.txt
[ERRO] Falha ao validar hash de politicas-baixadas/PA_AD_RB_v2_1.der: Arquivo de hash baixado é HTML (erro de download ou 404).
[ERRO] Falha ao validar hash de politicas-baixadas/PA_PAdES_AD_RB_v1_1.der: Arquivo de hash baixado é HTML (erro de download ou 404).
[ERRO] Falha ao validar hash de politicas-baixadas/PA_AD_RT_v2_3.der: Arquivo de hash baixado é HTML (erro de download ou 404).
[ERRO] Falha ao validar hash de politicas-baixadas/PA_AD_RT_v2_1.xml: Arquivo de hash baixado é HTML (erro de download ou 404).
[ERRO] Falha ao validar hash de politicas-baixadas/PA_AD_RV_v2_4.xml: Arquivo de hash baixado é HTML (erro de download ou 404).
[ERRO] Falha ao validar hash de politicas-baixadas/PA_AD_RA_v1_2.xml: Arquivo de hash baixado é HTML (erro de download ou 404).
[ERRO] Falha ao validar hash de politicas-baixadas/PA_AD_RA_v2_1.xml: Arquivo de hash baixado é HTML (erro de download ou 404).
[ERRO] Falha ao validar hash de politicas-baixadas/PA_AD_RA_v2_3.xml: Arquivo de hash baixado é HTML (erro de download ou 404).
[ERRO] Falha ao validar hash de politicas-baixadas/PA_PAdES_AD_RC_v1_1.der: Arquivo de hash baixado é HTML (erro de download ou 404).
[ERRO] Falha ao validar hash de politicas-baixadas/PA_AD_RT.der: Arquivo de hash baixado é HTML (erro de download ou 404).
[ERRO] Falha ao validar hash de politicas-baixadas/PA_AD_RC_v2_4.xml: Arquivo de hash baixado é HTML (erro de download ou 404).
[INFO] Arquivo de hash baixado: validacao-hash/PA_AD_RV_v1_2xml-sha256.txt
[INFO] Arquivo de hash baixado: validacao-hash/PA_PAdES_AD_RA_v1_2der-sha256.txt
[INFO] Arquivo de hash baixado: validacao-hash/PA_PAdES_AD_RC_v1_1der-sha256.txt
[INFO] Arquivo de hash baixado: validacao-hash/PA_AD_RC_v2_0xml-sha256.txt
[INFO] Arquivo de hash baixado: validacao-hash/PA_AD_RV_v2_3der-sha256.txt
[INFO] Arquivo de hash baixado: validacao-hash/PA_AD_RA_v2_3der-sha256.txt
[INFO] Arquivo de hash baixado: validacao-hash/PA_PAdES_AD_RB_v1_1der-sha256.txt
[INFO] Arquivo de hash baixado: validacao-hash/PA_AD_RA_v1_1der-sha256.txt
[INFO] Arquivo de hash baixado: validacao-hash/PA_AD_RV_v2_0xml-sha256.txt
[INFO] Arquivo de hash baixado: validacao-hash/ICP_BR_Extensoes_PAdES_asn-sha256.txt
[INFO] Arquivo de hash baixado: validacao-hash/PA_AD_RB_v2_3der-sha256.txt
[INFO] Arquivo de hash baixado: validacao-hash/PA_AD_RT_v2_0der-sha256.txt
[INFO] Arquivo de hash baixado: validacao-hash/PA_PAdES_AD_RB_v1_2der-sha256.txt
[INFO] Arquivo de hash baixado: validacao-hash/PA_AD_RB_v2_1der-sha256.txt
[INFO] Arquivo de hash baixado: validacao-hash/PA_xsd-sha256.txt
[INFO] Arquivo de hash baixado: validacao-hash/PA_PAdES_AD_RB_v1_0der-sha256.txt
[INFO] Arquivo de hash baixado: validacao-hash/PA_AD_RA_v2_4der-sha256.txt
[INFO] Arquivo de hash baixado: validacao-hash/PA_PAdES_AD_RA_v1_1der-sha256.txt
[INFO] Arquivo de hash baixado: validacao-hash/PA_AD_RB_v2_4xml-sha256.txt
[INFO] Arquivo de hash baixado: validacao-hash/PA_AD_RV_v2_4der-sha256.txt
[INFO] Arquivo de hash baixado: validacao-hash/PA_AD_RT_v2_2xml-sha256.txt
[INFO] Arquivo de hash baixado: validacao-hash/PA_AD_RC_v2_1xml-sha256.txt
[INFO] Arquivo de hash baixado: validacao-hash/PA_AD_RC_v2_2der-sha256.txt
[INFO] Arquivo de hash baixado: validacao-hash/PA_AD_RC_xml-sha256.txt
[INFO] Arquivo de hash baixado: validacao-hash/PA_AD_RB_v2_0der-sha256.txt
[INFO] Arquivo de hash baixado: validacao-hash/LPAv2_asn-sha256.txt
[INFO] Arquivo de hash baixado: validacao-hash/PA_PAdES_AD_RA_v1_0der-sha256.txt
[INFO] Arquivo de hash baixado: validacao-hash/PA_AD_RV_xml-sha256.txt
[INFO] Arquivo de hash baixado: validacao-hash/PA_AD_RT_v1_2xml-sha256.txt
[INFO] Arquivo de hash baixado: validacao-hash/PA_AD_RB_der-sha256.txt
[INFO] Arquivo de hash baixado: validacao-hash/PA_AD_RV_v1_1der-sha256.txt
[INFO] Arquivo de hash baixado: validacao-hash/PA_AD_RC_v2_3der-sha256.txt
[INFO] Arquivo de hash baixado: validacao-hash/PA_AD_RA_v2_3xml-sha256.txt
[INFO] Arquivo de hash baixado: validacao-hash/PA_AD_RC_v2_4der-sha256.txt
[INFO] Arquivo de hash baixado: validacao-hash/PA_AD_RB_v2_4der-sha256.txt
[INFO] Arquivo de hash baixado: validacao-hash/PA_AD_RA_v2_4xml-sha256.txt
[INFO] Arquivo de hash baixado: validacao-hash/PA_AD_RB_xml-sha256.txt
[INFO] Arquivo de hash baixado: validacao-hash/PA_AD_RA_v2_5der-sha256.txt
[INFO] Arquivo de hash baixado: validacao-hash/PA_AD_RT_v2_3der-sha256.txt
[INFO] Arquivo de hash baixado: validacao-hash/PA_AD_RC_v1_1xml-sha256.txt
[INFO] Arquivo de hash baixado: validacao-hash/PA_AD_RV_v2_0der-sha256.txt
[INFO] Arquivo de hash baixado: validacao-hash/PA_AD_RC_v2_2xml-sha256.txt
[INFO] Arquivo de hash baixado: validacao-hash/PA_AD_RV_v1_1xml-sha256.txt
[INFO] Arquivo de hash baixado: validacao-hash/PA_AD_RT_v2_2der-sha256.txt
[INFO] Arquivo de hash baixado: validacao-hash/PA_AD_RV_v2_2xml-sha256.txt
[INFO] Arquivo de hash baixado: validacao-hash/PA_AD_RB_v1_2xml-sha256.txt
[INFO] Arquivo de hash baixado: validacao-hash/PA_PAdES_AD_RT_v1_2der-sha256.txt
[INFO] Arquivo de hash baixado: validacao-hash/PA_PAdES_AD_RC_v1_2der-sha256.txt
[INFO] Arquivo de hash baixado: validacao-hash/PA_PAdES_AD_RC_v1_3der-sha256.txt
[INFO] Arquivo de hash baixado: validacao-hash/PA_AD_RT_v2_4xml-sha256.txt
[INFO] Arquivo de hash baixado: validacao-hash/PA_AD_RA_der-sha256.txt
[INFO] Arquivo de hash baixado: validacao-hash/PA_AD_RA_v2_5xml-sha256.txt
[INFO] Arquivo de hash baixado: validacao-hash/PA_AD_RB_v2_1xml-sha256.txt
[INFO] Arquivo de hash baixado: validacao-hash/PA_AD_RC_v1_2xml-sha256.txt
[INFO] Arquivo de hash baixado: validacao-hash/PA_AD_RB_v1_1xml-sha256.txt
[INFO] Arquivo de hash baixado: validacao-hash/PA_AD_RA_v2_0der-sha256.txt
[INFO] Arquivo de hash baixado: validacao-hash/PA_AD_RA_xml-sha256.txt
[INFO] Arquivo de hash baixado: validacao-hash/PA_AD_RV_v2_1xml-sha256.txt
[INFO] Arquivo de hash baixado: validacao-hash/PA_AD_RT_v2_0xml-sha256.txt
[INFO] Arquivo de hash baixado: validacao-hash/PA_AD_RT_der-sha256.txt
[INFO] Arquivo de hash baixado: validacao-hash/PA_AD_RA_v2_2xml-sha256.txt
[INFO] Arquivo de hash baixado: validacao-hash/PA_AD_RC_v2_3xml-sha256.txt
[INFO] Arquivo de hash baixado: validacao-hash/PA_AD_RT_v2_1der-sha256.txt
[INFO] Arquivo de hash baixado: validacao-hash/PA_AD_RT_v1_1xml-sha256.txt
[INFO] Arquivo de hash baixado: validacao-hash/PA_AD_RB_v2_2xml-sha256.txt
[INFO] Arquivo de hash baixado: validacao-hash/PA_AD_RT_v2_5xml-sha256.txt
[INFO] Arquivo de hash baixado: validacao-hash/PA_AD_RT_v2_4der-sha256.txt
[INFO] Arquivo de hash baixado: validacao-hash/PA_AD_RC_v2_0der-sha256.txt
[INFO] Arquivo de hash baixado: validacao-hash/PA_AD_RA_v1_1xml-sha256.txt
[INFO] Arquivo de hash baixado: validacao-hash/PA_AD_RA_v2_1xml-sha256.txt
[INFO] Arquivo de hash baixado: validacao-hash/PA_PAdES_AD_RA_v1_3der-sha256.txt
[INFO] Arquivo de hash baixado: validacao-hash/LPA_XAdES_xsd-sha256.txt
[INFO] Arquivo de hash baixado: validacao-hash/PA_AD_RC_v2_1der-sha256.txt
[INFO] Arquivo de hash baixado: validacao-hash/PA_AD_RT_v1_1der-sha256.txt
[INFO] Arquivo de hash baixado: validacao-hash/PA_AD_RA_v1_2der-sha256.txt
[INFO] Arquivo de hash baixado: validacao-hash/PA_AD_RT_v2_3xml-sha256.txt
[INFO] Arquivo de hash baixado: validacao-hash/PA_PAdES_AD_RC_v1_0der-sha256.txt
[INFO] Arquivo de hash baixado: validacao-hash/PA_AD_RB_v2_0xml-sha256.txt
[INFO] Arquivo de hash baixado: validacao-hash/PA_AD_RC_v1_1der-sha256.txt
[INFO] Arquivo de hash baixado: validacao-hash/PA_AD_RV_v2_5xml-sha256.txt
[INFO] Arquivo de hash baixado: validacao-hash/PA_PAdES_AD_RT_v1_0der-sha256.txt
[ERRO] Falha ao validar hash de politicas-baixadas/LPAv2.asn: Arquivo de hash baixado é HTML (erro de download ou 404).
[INFO] Arquivo de hash baixado: validacao-hash/PA_AD_RA_v2_2der-sha256.txt
[INFO] Arquivo de hash baixado: validacao-hash/PA_AD_RA_v2_1der-sha256.txt
[INFO] Arquivo de hash baixado: validacao-hash/PA_AD_RV_v2_1der-sha256.txt
[ERRO] Falha ao validar hash de politicas-baixadas/LPA_XAdES.xsd: Arquivo de hash baixado é HTML (erro de download ou 404).
[ERRO] Falha ao validar hash de politicas-baixadas/ICP_BR_Extensoes_PAdES.asn: Arquivo de hash baixado é HTML (erro de download ou 404).
[ERRO] Falha ao validar hash de politicas-baixadas/PA_AD_RB_v2_3.der: Arquivo de hash baixado é HTML (erro de download ou 404).
[ERRO] Falha ao validar hash de politicas-baixadas/PA_AD_RV_v2_4.der: Arquivo de hash baixado é HTML (erro de download ou 404).
[ERRO] Falha ao validar hash de politicas-baixadas/PA_AD_RT_v2_0.der: Arquivo de hash baixado é HTML (erro de download ou 404).
[ERRO] Falha ao validar hash de politicas-baixadas/PA_AD_RT_v2_1.der: Arquivo de hash baixado é HTML (erro de download ou 404).
[ERRO] Falha ao validar hash de politicas-baixadas/PA_AD_RB_v2_5.xml: Arquivo de hash baixado é HTML (erro de download ou 404).
[ERRO] Falha ao validar hash de politicas-baixadas/PA_AD_RB_v1_1.der: Arquivo de hash baixado é HTML (erro de download ou 404).
[ERRO] Falha ao validar hash de politicas-baixadas/PA_PAdES_AD_RT_v1_2.der: Arquivo de hash baixado é HTML (erro de download ou 404).
[ERRO] Falha ao validar hash de politicas-baixadas/PA_AD_RB_v2_0.der: Arquivo de hash baixado é HTML (erro de download ou 404).
[ERRO] Falha ao validar hash de politicas-baixadas/PA_PAdES_AD_RB_v1_2.der: Arquivo de hash baixado é HTML (erro de download ou 404).
[ERRO] Falha ao validar hash de politicas-baixadas/PA_AD_RB_v2_4.der: Arquivo de hash baixado é HTML (erro de download ou 404).
[ERRO] Falha ao validar hash de politicas-baixadas/PA.xsd: Arquivo de hash baixado é HTML (erro de download ou 404).
[ERRO] Falha ao validar hash de politicas-baixadas/PA_AD_RT_v2_4.der: Arquivo de hash baixado é HTML (erro de download ou 404).
[ERRO] Falha ao validar hash de politicas-baixadas/PA_AD_RT_v2_5.xml: Arquivo de hash baixado é HTML (erro de download ou 404).
[ERRO] Falha ao validar hash de politicas-baixadas/PA_PAdES_AD_RB_v1_0.der: Arquivo de hash baixado é HTML (erro de download ou 404).
[ERRO] Falha ao validar hash de politicas-baixadas/PA_AD_RB_v2_2.der: Arquivo de hash baixado é HTML (erro de download ou 404).
[ERRO] Falha ao validar hash de politicas-baixadas/PA_AD_RV_v2_0.xml: Arquivo de hash baixado é HTML (erro de download ou 404).
[ERRO] Falha ao validar hash de politicas-baixadas/PA_AD_RT_v2_2.der: Arquivo de hash baixado é HTML (erro de download ou 404).
[ERRO] Falha ao validar hash de politicas-baixadas/PA_AD_RT_v1_1.der: Arquivo de hash baixado é HTML (erro de download ou 404).
[ERRO] Falha ao validar hash de politicas-baixadas/PA_PAdES_AD_RT_v1_0.der: Arquivo de hash baixado é HTML (erro de download ou 404).
[ERRO] Falha ao validar hash de politicas-baixadas/PA_AD_RT_v2_4.xml: Arquivo de hash baixado é HTML (erro de download ou 404).
[ERRO] Falha ao validar hash de politicas-baixadas/PA_AD_RV_v2_2.der: Arquivo de hash baixado é HTML (erro de download ou 404).
[ERRO] Falha ao validar hash de politicas-baixadas/PA_AD_RB_v2_4.xml: Arquivo de hash baixado é HTML (erro de download ou 404).
[ERRO] Falha ao validar hash de politicas-baixadas/PA_AD_RV_v1_1.der: Arquivo de hash baixado é HTML (erro de download ou 404).
[ERRO] Falha ao validar hash de politicas-baixadas/PA_AD_RA_v2_0.der: Arquivo de hash baixado é HTML (erro de download ou 404).
[ERRO] Falha ao validar hash de politicas-baixadas/PA_PAdES_AD_RT_v1_1.der: Arquivo de hash baixado é HTML (erro de download ou 404).
[ERRO] Falha ao validar hash de politicas-baixadas/PA_AD_RV_v2_3.der: Arquivo de hash baixado é HTML (erro de download ou 404).
[ERRO] Falha ao validar hash de politicas-baixadas/PA_AD_RB_v2_2.xml: Arquivo de hash baixado é HTML (erro de download ou 404).
[ERRO] Falha ao validar hash de politicas-baixadas/PA_AD_RB_v2_0.xml: Arquivo de hash baixado é HTML (erro de download ou 404).
[ERRO] Falha ao validar hash de politicas-baixadas/PA_AD_RB_v2_1.xml: Arquivo de hash baixado é HTML (erro de download ou 404).
[ERRO] Falha ao validar hash de politicas-baixadas/PA_AD_RT_v2_2.xml: Arquivo de hash baixado é HTML (erro de download ou 404).
[ERRO] Falha ao validar hash de politicas-baixadas/PA_AD_RT_v2_0.xml: Arquivo de hash baixado é HTML (erro de download ou 404).
[ERRO] Falha ao validar hash de politicas-baixadas/PA_AD_RB.xml: Arquivo de hash baixado é HTML (erro de download ou 404).
[ERRO] Falha ao validar hash de politicas-baixadas/PA_AD_RB_v2_3.xml: Arquivo de hash baixado é HTML (erro de download ou 404).
[ERRO] Falha ao validar hash de politicas-baixadas/PA_AD_RT.xml: Arquivo de hash baixado é HTML (erro de download ou 404).
[ERRO] Falha ao validar hash de politicas-baixadas/PA_AD_RT_v1_1.xml: Arquivo de hash baixado é HTML (erro de download ou 404).
[INFO] Arquivo de hash baixado: validacao-hash/PA_AD_RC_der-sha256.txt
[INFO] Arquivo de hash baixado: validacao-hash/PA_AD_RV_v2_2der-sha256.txt
[INFO] Arquivo de hash baixado: validacao-hash/PA_AD_RV_v2_3xml-sha256.txt
[ERRO] Falha ao validar hash de politicas-baixadas/PA_AD_RA_v2_1.der: Arquivo de hash baixado é HTML (erro de download ou 404).
[ERRO] Falha ao validar hash de politicas-baixadas/PA_PAdES_AD_RA_v1_2.der: Arquivo de hash baixado é HTML (erro de download ou 404).
[ERRO] Falha ao validar hash de politicas-baixadas/PA_AD_RC_v2_0.der: Arquivo de hash baixado é HTML (erro de download ou 404).
[ERRO] Falha ao validar hash de politicas-baixadas/PA_AD_RC_v2_2.der: Arquivo de hash baixado é HTML (erro de download ou 404).
[ERRO] Falha ao validar hash de politicas-baixadas/PA_AD_RA_v1_1.der: Arquivo de hash baixado é HTML (erro de download ou 404).
[ERRO] Falha ao validar hash de politicas-baixadas/PA_PAdES_AD_RA_v1_1.der: Arquivo de hash baixado é HTML (erro de download ou 404).
[ERRO] Falha ao validar hash de politicas-baixadas/PA_AD_RV.der: Arquivo de hash baixado é HTML (erro de download ou 404).
[ERRO] Falha ao validar hash de politicas-baixadas/PA_AD_RC_v2_2.xml: Arquivo de hash baixado é HTML (erro de download ou 404).
[ERRO] Falha ao validar hash de politicas-baixadas/PA_AD_RV_v2_2.xml: Arquivo de hash baixado é HTML (erro de download ou 404).
[ERRO] Falha ao validar hash de politicas-baixadas/PA_AD_RC_v2_0.xml: Arquivo de hash baixado é HTML (erro de download ou 404).
[ERRO] Falha ao validar hash de politicas-baixadas/PA_AD_RC_v2_1.xml: Arquivo de hash baixado é HTML (erro de download ou 404).
[ERRO] Falha ao validar hash de politicas-baixadas/PA_AD_RB_v1_1.xml: Arquivo de hash baixado é HTML (erro de download ou 404).
[ERRO] Falha ao validar hash de politicas-baixadas/PA_AD_RV_v2_1.xml: Arquivo de hash baixado é HTML (erro de download ou 404).
[ERRO] Falha ao validar hash de politicas-baixadas/PA_AD_RA_v2_0.xml: Arquivo de hash baixado é HTML (erro de download ou 404).
[ERRO] Falha ao validar hash de politicas-baixadas/PA_AD_RV_v1_2.xml: Arquivo de hash baixado é HTML (erro de download ou 404).
[ERRO] Falha ao validar hash de politicas-baixadas/PA_AD_RC.xml: Arquivo de hash baixado é HTML (erro de download ou 404).
[ERRO] Falha ao validar hash de politicas-baixadas/PA_AD_RT_v1_2.xml: Arquivo de hash baixado é HTML (erro de download ou 404).
[ERRO] Falha ao validar hash de politicas-baixadas/PA_AD_RC_v1_2.xml: Arquivo de hash baixado é HTML (erro de download ou 404).
[ERRO] Falha ao validar hash de politicas-baixadas/PA_AD_RC_v1_1.xml: Arquivo de hash baixado é HTML (erro de download ou 404).
[ERRO] Falha ao validar hash de politicas-baixadas/PA_AD_RV_v2_3.xml: Arquivo de hash baixado é HTML (erro de download ou 404).
[ERRO] Falha ao validar hash de politicas-baixadas/PA_AD_RA_v1_1.xml: Arquivo de hash baixado é HTML (erro de download ou 404).
[ERRO] Falha ao validar hash de politicas-baixadas/PA_AD_RV.xml: Arquivo de hash baixado é HTML (erro de download ou 404).
[ERRO] Falha ao validar hash de politicas-baixadas/PA_AD_RT_v2_3.xml: Arquivo de hash baixado é HTML (erro de download ou 404).
[ERRO] Falha ao validar hash de politicas-baixadas/PA_AD_RC_v2_3.xml: Arquivo de hash baixado é HTML (erro de download ou 404).
[ERRO] Falha ao validar hash de politicas-baixadas/PA_PAdES_AD_RA_v1_3.der: Arquivo de hash baixado é HTML (erro de download ou 404).
[ERRO] Falha ao validar hash de politicas-baixadas/PA_AD_RA_v2_2.xml: Arquivo de hash baixado é HTML (erro de download ou 404).
[ERRO] Falha ao validar hash de politicas-baixadas/PA_AD_RA_v1_2.der: Arquivo de hash baixado é HTML (erro de download ou 404).
[ERRO] Falha ao validar hash de politicas-baixadas/PA_AD_RA_v2_4.xml: Arquivo de hash baixado é HTML (erro de download ou 404).
[ERRO] Falha ao validar hash de politicas-baixadas/PA_AD_RC.der: Arquivo de hash baixado é HTML (erro de download ou 404).
[ERRO] Falha ao validar hash de politicas-baixadas/PA_PAdES_AD_RA_v1_0.der: Arquivo de hash baixado é HTML (erro de download ou 404).
[ERRO] Falha ao validar hash de politicas-baixadas/PA_AD_RA_v2_4.der: Arquivo de hash baixado é HTML (erro de download ou 404).
[ERRO] Falha ao validar hash de politicas-baixadas/PA_AD_RC_v2_3.der: Arquivo de hash baixado é HTML (erro de download ou 404).
[ERRO] Falha ao validar hash de politicas-baixadas/PA_PAdES_AD_RC_v1_2.der: Arquivo de hash baixado é HTML (erro de download ou 404).
[ERRO] Falha ao validar hash de politicas-baixadas/PA_AD_RC_v2_4.der: Arquivo de hash baixado é HTML (erro de download ou 404).
[ERRO] Falha ao validar hash de politicas-baixadas/PA_AD_RA_v2_5.der: Arquivo de hash baixado é HTML (erro de download ou 404).
[ERRO] Falha ao validar hash de politicas-baixadas/PA_PAdES_AD_RC_v1_3.der: Arquivo de hash baixado é HTML (erro de download ou 404).
[ERRO] Falha ao validar hash de politicas-baixadas/PA_AD_RA.der: Arquivo de hash baixado é HTML (erro de download ou 404).
[ERRO] Falha ao validar hash de politicas-baixadas/PA_AD_RA_v2_2.der: Arquivo de hash baixado é HTML (erro de download ou 404).
[ERRO] Falha ao validar hash de politicas-baixadas/PA_AD_RB.der: Arquivo de hash baixado é HTML (erro de download ou 404).
[ERRO] Falha ao validar hash de politicas-baixadas/PA_AD_RV_v1_1.xml: Arquivo de hash baixado é HTML (erro de download ou 404).
[ERRO] Falha ao validar hash de politicas-baixadas/PA_AD_RV_v2_0.der: Arquivo de hash baixado é HTML (erro de download ou 404).
[ERRO] Falha ao validar hash de politicas-baixadas/PA_AD_RV_v2_1.der: Arquivo de hash baixado é HTML (erro de download ou 404).
[ERRO] Falha ao validar hash de politicas-baixadas/PA_AD_RV_v2_5.xml: Arquivo de hash baixado é HTML (erro de download ou 404).
[ERRO] Falha ao validar hash de politicas-baixadas/PA_AD_RC_v2_5.xml: Arquivo de hash baixado é HTML (erro de download ou 404).
[ERRO] Falha ao validar hash de politicas-baixadas/PA_AD_RC_v2_1.der: Arquivo de hash baixado é HTML (erro de download ou 404).
[ERRO] Falha ao validar hash de politicas-baixadas/PA_AD_RC_v1_1.der: Arquivo de hash baixado é HTML (erro de download ou 404).
[ERRO] Falha ao validar hash de politicas-baixadas/PA_PAdES_AD_RC_v1_0.der: Arquivo de hash baixado é HTML (erro de download ou 404).
[ERRO] Falha ao validar hash de politicas-baixadas/PA_AD_RB_v1_2.xml: Arquivo de hash baixado é HTML (erro de download ou 404).
[ERRO] Falha ao validar hash de politicas-baixadas/PA_AD_RA.xml: Arquivo de hash baixado é HTML (erro de download ou 404).
[ERRO] Falha ao validar hash de politicas-baixadas/PA_AD_RA_v2_5.xml: Arquivo de hash baixado é HTML (erro de download ou 404).
[ERRO] Falha ao validar hash de politicas-baixadas/PA_AD_RA_v2_3.der: Arquivo de hash baixado é HTML (erro de download ou 404).

Resumo:
Total de políticas a serem baixadas: 200
Total baixadas: 200
Total com erro de download: 0
Baixando arquivo: http://politicas.icpbrasil.gov.br/PA_AD_RB_v2_0.der
Baixando arquivo: http://politicas.icpbrasil.gov.br/PA_AD_RT_v2_0der-sha256.txt
Baixando arquivo: http://politicas.icpbrasil.gov.br/PA_AD_RC_v2_2.xml
Baixando arquivo: http://politicas.icpbrasil.gov.br/PA_AD_RB_v2_2der-sha256.txt
Baixando arquivo: http://politicas.icpbrasil.gov.br/PA_AD_RB_v1_1.der
Baixando arquivo: http://politicas.icpbrasil.gov.br/PA_AD_RT_v2_0xml-sha256.txt
Baixando arquivo: http://politicas.icpbrasil.gov.br/PA_AD_RB_v2_4.der
Baixando arquivo: http://politicas.icpbrasil.gov.br/PA_AD_RB_v2_4der-sha256.txt
Baixando arquivo: http://politicas.icpbrasil.gov.br/PA_AD_RB.xml
Baixando arquivo: http://politicas.icpbrasil.gov.br/PA_AD_RB_xml-sha256.txt
Baixando arquivo: http://politicas.icpbrasil.gov.br/PA_AD_RB_v1_1.xml
Baixando arquivo: http://politicas.icpbrasil.gov.br/PA_AD_RB_v1_1xml-sha256.txt
Baixando arquivo: http://politicas.icpbrasil.gov.br/PA_AD_RB_v1_2.xml
Baixando arquivo: http://politicas.icpbrasil.gov.br/PA_AD_RB_v2_1der-sha256.txt
Baixando arquivo: http://politicas.icpbrasil.gov.br/PA_AD_RB_v2_0der-sha256.txt
Baixando arquivo: http://politicas.icpbrasil.gov.br/LPAv2_asn-sha256.txt
Baixando arquivo: http://politicas.icpbrasil.gov.br/PA.xsd
Baixando arquivo: http://politicas.icpbrasil.gov.br/PA_AD_RB_v1_2xml-sha256.txt
Baixando arquivo: http://politicas.icpbrasil.gov.br/PA_xsd-sha256.txt
Baixando arquivo: http://politicas.icpbrasil.gov.br/PA_AD_RB_v2_0.xml
Baixando arquivo: http://politicas.icpbrasil.gov.br/LPA_XAdES.xsd
Baixando arquivo: http://politicas.icpbrasil.gov.br/PA_AD_RB_v2_0xml-sha256.txt
Baixando arquivo: http://politicas.icpbrasil.gov.br/LPA_XAdES_xsd-sha256.txt
Baixando arquivo: http://politicas.icpbrasil.gov.br/PA_AD_RB_v2_1.xml
Baixando arquivo: http://politicas.icpbrasil.gov.br/LPAv2.asn
Baixando arquivo: http://politicas.icpbrasil.gov.br/PA_AD_RT_v1_1der-sha256.txt
Baixando arquivo: http://politicas.icpbrasil.gov.br/PA_AD_RB_v2_2.xml
Baixando arquivo: http://politicas.icpbrasil.gov.br/PA_AD_RB_v2_2xml-sha256.txt
Baixando arquivo: http://politicas.icpbrasil.gov.br/PA_AD_RB_v2_3.xml
Baixando arquivo: http://politicas.icpbrasil.gov.br/PA_AD_RB_v2_1xml-sha256.txt
Baixando arquivo: http://politicas.icpbrasil.gov.br/PA_AD_RT_v2_0.der
Baixando arquivo: http://politicas.icpbrasil.gov.br/PA_AD_RB_v2_3xml-sha256.txt
Baixando arquivo: http://politicas.icpbrasil.gov.br/PA_AD_RB_v2_4.xml
Baixando arquivo: http://politicas.icpbrasil.gov.br/PA_AD_RB_v2_4xml-sha256.txt
Baixando arquivo: http://politicas.icpbrasil.gov.br/PA_AD_RB_v2_5.xml
Baixando arquivo: http://politicas.icpbrasil.gov.br/PA_AD_RB_v2_1.der
Baixando arquivo: http://politicas.icpbrasil.gov.br/PA_AD_RB_v2_5xml-sha256.txt
Baixando arquivo: http://politicas.icpbrasil.gov.br/PA_PAdES_AD_RB_v1_2der-sha256.txt
Baixando arquivo: http://politicas.icpbrasil.gov.br/PA_PAdES_AD_RB_v1_2.der
Baixando arquivo: http://politicas.icpbrasil.gov.br/PA_AD_RT.der
Baixando arquivo: http://politicas.icpbrasil.gov.br/PA_PAdES_AD_RB_v1_0.der
Baixando arquivo: http://politicas.icpbrasil.gov.br/PA_AD_RT_der-sha256.txt
Baixando arquivo: http://politicas.icpbrasil.gov.br/PA_PAdES_AD_RB_v1_0der-sha256.txt
Baixando arquivo: http://politicas.icpbrasil.gov.br/PA_PAdES_AD_RA_v1_3der-sha256.txt
Baixando arquivo: http://politicas.icpbrasil.gov.br/PA_PAdES_AD_RB_v1_1.der
Baixando arquivo: http://politicas.icpbrasil.gov.br/PA_AD_RT_v2_1.xml
Baixando arquivo: http://politicas.icpbrasil.gov.br/PA_PAdES_AD_RB_v1_1der-sha256.txt
Baixando arquivo: http://politicas.icpbrasil.gov.br/PA_AD_RT_v1_1.der
Baixando arquivo: http://politicas.icpbrasil.gov.br/PA_AD_RC_v1_2.xml
Baixando arquivo: http://politicas.icpbrasil.gov.br/PA_AD_RT_v2_1xml-sha256.txt
Baixando arquivo: http://politicas.icpbrasil.gov.br/PA_AD_RT_v2_4der-sha256.txt
Baixando arquivo: http://politicas.icpbrasil.gov.br/PA_AD_RT_v2_2.xml
Baixando arquivo: http://politicas.icpbrasil.gov.br/PA_AD_RC_v1_2xml-sha256.txt
Baixando arquivo: http://politicas.icpbrasil.gov.br/PA_AD_RT_v2_1.der
Baixando arquivo: http://politicas.icpbrasil.gov.br/PA_AD_RC_v2_0.xml
Baixando arquivo: http://politicas.icpbrasil.gov.br/PA_AD_RT_v2_1der-sha256.txt
Baixando arquivo: http://politicas.icpbrasil.gov.br/PA_AD_RC_v2_0xml-sha256.txt
Baixando arquivo: http://politicas.icpbrasil.gov.br/PA_AD_RT_v2_2xml-sha256.txt
Baixando arquivo: http://politicas.icpbrasil.gov.br/PA_AD_RT_v2_3.xml
Baixando arquivo: http://politicas.icpbrasil.gov.br/PA_AD_RT_v2_3xml-sha256.txt
Baixando arquivo: http://politicas.icpbrasil.gov.br/PA_AD_RT_v2_2.der
Baixando arquivo: http://politicas.icpbrasil.gov.br/PA_AD_RT_v2_4.xml
Baixando arquivo: http://politicas.icpbrasil.gov.br/PA_AD_RT_v2_2der-sha256.txt
Baixando arquivo: http://politicas.icpbrasil.gov.br/PA_AD_RT_v2_3.der
Baixando arquivo: http://politicas.icpbrasil.gov.br/PA_AD_RT_v2_3der-sha256.txt
Baixando arquivo: http://politicas.icpbrasil.gov.br/PA_AD_RT_v2_4xml-sha256.txt
Baixando arquivo: http://politicas.icpbrasil.gov.br/PA_AD_RT_v2_5.xml
Baixando arquivo: http://politicas.icpbrasil.gov.br/PA_AD_RT_v2_5xml-sha256.txt
Baixando arquivo: http://politicas.icpbrasil.gov.br/PA_PAdES_AD_RT_v1_0.der
Baixando arquivo: http://politicas.icpbrasil.gov.br/PA_AD_RT_v2_4.der
Baixando arquivo: http://politicas.icpbrasil.gov.br/PA_PAdES_AD_RT_v1_0der-sha256.txt
Baixando arquivo: http://politicas.icpbrasil.gov.br/PA_AD_RV_v2_1xml-sha256.txt
Baixando arquivo: http://politicas.icpbrasil.gov.br/PA_AD_RV_v2_1.xml
Baixando arquivo: http://politicas.icpbrasil.gov.br/PA_AD_RV_v2_2.xml
Baixando arquivo: http://politicas.icpbrasil.gov.br/PA_PAdES_AD_RT_v1_1.der
Baixando arquivo: http://politicas.icpbrasil.gov.br/PA_AD_RV_v2_2xml-sha256.txt
Baixando arquivo: http://politicas.icpbrasil.gov.br/PA_PAdES_AD_RT_v1_1der-sha256.txt
Baixando arquivo: http://politicas.icpbrasil.gov.br/PA_AD_RC_v2_1.der
Baixando arquivo: http://politicas.icpbrasil.gov.br/PA_PAdES_AD_RT_v1_2.der
Baixando arquivo: http://politicas.icpbrasil.gov.br/PA_AD_RC_v2_1der-sha256.txt
Baixando arquivo: http://politicas.icpbrasil.gov.br/PA_PAdES_AD_RT_v1_2der-sha256.txt
Baixando arquivo: http://politicas.icpbrasil.gov.br/PA_AD_RC_v2_2.der
Baixando arquivo: http://politicas.icpbrasil.gov.br/PA_AD_RV.der
Baixando arquivo: http://politicas.icpbrasil.gov.br/PA_AD_RC_v2_2der-sha256.txt
Baixando arquivo: http://politicas.icpbrasil.gov.br/PA_AD_RV_der-sha256.txt
Baixando arquivo: http://politicas.icpbrasil.gov.br/PA_AD_RC_v2_3.der
Baixando arquivo: http://politicas.icpbrasil.gov.br/PA_AD_RC_v2_3der-sha256.txt
Baixando arquivo: http://politicas.icpbrasil.gov.br/PA_AD_RC_v2_4.der
Baixando arquivo: http://politicas.icpbrasil.gov.br/PA_AD_RV_v1_1.der
Baixando arquivo: http://politicas.icpbrasil.gov.br/PA_AD_RC_v2_4der-sha256.txt
Baixando arquivo: http://politicas.icpbrasil.gov.br/PA_AD_RV_v1_1der-sha256.txt
Baixando arquivo: http://politicas.icpbrasil.gov.br/PA_AD_RV_v2_0.der
Baixando arquivo: http://politicas.icpbrasil.gov.br/PA_AD_RV_v2_0der-sha256.txt
Baixando arquivo: http://politicas.icpbrasil.gov.br/PA_AD_RC_v2_1.xml
Baixando arquivo: http://politicas.icpbrasil.gov.br/PA_AD_RC_v2_1xml-sha256.txt
Baixando arquivo: http://politicas.icpbrasil.gov.br/PA_AD_RV_v2_1.der
Baixando arquivo: http://politicas.icpbrasil.gov.br/PA_AD_RV_v2_1der-sha256.txt
Baixando arquivo: http://politicas.icpbrasil.gov.br/PA_AD_RV_v2_2.der
Baixando arquivo: http://politicas.icpbrasil.gov.br/PA_AD_RV_v2_2der-sha256.txt
Baixando arquivo: http://politicas.icpbrasil.gov.br/PA_AD_RC_v2_0der-sha256.txt
Baixando arquivo: http://politicas.icpbrasil.gov.br/PA_AD_RV_v2_3.xml
Baixando arquivo: http://politicas.icpbrasil.gov.br/PA_AD_RV_v2_3.der
Baixando arquivo: http://politicas.icpbrasil.gov.br/PA_AD_RV_v2_3xml-sha256.txt
Baixando arquivo: http://politicas.icpbrasil.gov.br/PA_AD_RC.xml
Baixando arquivo: http://politicas.icpbrasil.gov.br/PA_AD_RV_v2_3der-sha256.txt
Baixando arquivo: http://politicas.icpbrasil.gov.br/PA_AD_RV_v2_4.xml
Baixando arquivo: http://politicas.icpbrasil.gov.br/PA_AD_RC_xml-sha256.txt
Baixando arquivo: http://politicas.icpbrasil.gov.br/PA_AD_RV_v2_4.der
Baixando arquivo: http://politicas.icpbrasil.gov.br/PA_AD_RC_v1_1.xml
Baixando arquivo: http://politicas.icpbrasil.gov.br/PA_AD_RV_v2_4der-sha256.txt
Baixando arquivo: http://politicas.icpbrasil.gov.br/PA_AD_RC_v1_1xml-sha256.txt
Baixando arquivo: http://politicas.icpbrasil.gov.br/PA_AD_RC_der-sha256.txt
Baixando arquivo: http://politicas.icpbrasil.gov.br/PA_AD_RV_v2_4xml-sha256.txt
Baixando arquivo: http://politicas.icpbrasil.gov.br/PA_AD_RV_v2_5.xml
Baixando arquivo: http://politicas.icpbrasil.gov.br/PA_AD_RC_v1_1.der
Baixando arquivo: http://politicas.icpbrasil.gov.br/PA_AD_RV_v2_5xml-sha256.txt
Baixando arquivo: http://politicas.icpbrasil.gov.br/PA_AD_RC_v1_1der-sha256.txt
Baixando arquivo: http://politicas.icpbrasil.gov.br/PA_AD_RC.der
Baixando arquivo: http://politicas.icpbrasil.gov.br/PA_AD_RC_v2_0.der
Baixando arquivo: http://politicas.icpbrasil.gov.br/PA_AD_RV.xml
Baixando arquivo: http://politicas.icpbrasil.gov.br/PA_AD_RA_v2_3der-sha256.txt
Baixando arquivo: http://politicas.icpbrasil.gov.br/PA_AD_RV_xml-sha256.txt
Baixando arquivo: http://politicas.icpbrasil.gov.br/PA_PAdES_AD_RC_v1_3der-sha256.txt
Baixando arquivo: http://politicas.icpbrasil.gov.br/PA_AD_RV_v1_1.xml
Baixando arquivo: http://politicas.icpbrasil.gov.br/PA_AD_RV_v1_1xml-sha256.txt
Baixando arquivo: http://politicas.icpbrasil.gov.br/PA_AD_RA.der
Baixando arquivo: http://politicas.icpbrasil.gov.br/PA_AD_RA_der-sha256.txt
Baixando arquivo: http://politicas.icpbrasil.gov.br/PA_PAdES_AD_RC_v1_3.der
Baixando arquivo: http://politicas.icpbrasil.gov.br/PA_AD_RC_v2_2xml-sha256.txt
Baixando arquivo: http://politicas.icpbrasil.gov.br/PA_AD_RC_v2_3.xml
Baixando arquivo: http://politicas.icpbrasil.gov.br/PA_AD_RC_v2_3xml-sha256.txt
Baixando arquivo: http://politicas.icpbrasil.gov.br/PA_AD_RV_v1_2.xml
Baixando arquivo: http://politicas.icpbrasil.gov.br/PA_AD_RV_v1_2xml-sha256.txt
Baixando arquivo: http://politicas.icpbrasil.gov.br/PA_AD_RV_v2_0.xml
Baixando arquivo: http://politicas.icpbrasil.gov.br/PA_AD_RV_v2_0xml-sha256.txt
Baixando arquivo: http://politicas.icpbrasil.gov.br/PA_AD_RC_v2_4.xml
Baixando arquivo: http://politicas.icpbrasil.gov.br/PA_PAdES_AD_RC_v1_2.der
Baixando arquivo: http://politicas.icpbrasil.gov.br/PA_PAdES_AD_RC_v1_2der-sha256.txt
Baixando arquivo: http://politicas.icpbrasil.gov.br/PA_PAdES_AD_RC_v1_1.der
Baixando arquivo: http://politicas.icpbrasil.gov.br/PA_AD_RT_v1_1xml-sha256.txt
Baixando arquivo: http://politicas.icpbrasil.gov.br/PA_AD_RT.xml
Baixando arquivo: http://politicas.icpbrasil.gov.br/PA_AD_RT_xml-sha256.txt
Baixando arquivo: http://politicas.icpbrasil.gov.br/PA_AD_RT_v1_1.xml
Baixando arquivo: http://politicas.icpbrasil.gov.br/PA_AD_RC_v2_5.xml
Baixando arquivo: http://politicas.icpbrasil.gov.br/PA_PAdES_AD_RC_v1_0der-sha256.txt
Baixando arquivo: http://politicas.icpbrasil.gov.br/PA_AD_RC_v2_5xml-sha256.txt
Baixando arquivo: http://politicas.icpbrasil.gov.br/PA_AD_RC_v2_4xml-sha256.txt
Baixando arquivo: http://politicas.icpbrasil.gov.br/PA_AD_RB_der-sha256.txt
Baixando arquivo: http://politicas.icpbrasil.gov.br/ICP_BR_Extensoes_PAdES.asn
Baixando arquivo: http://politicas.icpbrasil.gov.br/PA_PAdES_AD_RC_v1_0.der
Baixando arquivo: http://politicas.icpbrasil.gov.br/PA_AD_RA_v1_1.der
Baixando arquivo: http://politicas.icpbrasil.gov.br/PA_AD_RB_v1_1der-sha256.txt
Baixando arquivo: http://politicas.icpbrasil.gov.br/PA_AD_RA_v1_1der-sha256.txt
Baixando arquivo: http://politicas.icpbrasil.gov.br/ICP_BR_Extensoes_PAdES_asn-sha256.txt
Baixando arquivo: http://politicas.icpbrasil.gov.br/PA_AD_RA_v1_2.der
Baixando arquivo: http://politicas.icpbrasil.gov.br/PA_AD_RA_v1_2der-sha256.txt
Baixando arquivo: http://politicas.icpbrasil.gov.br/PA_AD_RB.der
Baixando arquivo: http://politicas.icpbrasil.gov.br/PA_AD_RA_v2_2.xml
Baixando arquivo: http://politicas.icpbrasil.gov.br/PA_AD_RA_v2_4.der
Baixando arquivo: http://politicas.icpbrasil.gov.br/PA_AD_RA_v2_0.der
Baixando arquivo: http://politicas.icpbrasil.gov.br/PA_AD_RA_v2_4der-sha256.txt
Baixando arquivo: http://politicas.icpbrasil.gov.br/PA_AD_RA_v2_0der-sha256.txt
Baixando arquivo: http://politicas.icpbrasil.gov.br/PA_AD_RA_v2_5.der
Baixando arquivo: http://politicas.icpbrasil.gov.br/PA_AD_RA_v2_5der-sha256.txt
Baixando arquivo: http://politicas.icpbrasil.gov.br/PA_AD_RA_v2_1.der
Baixando arquivo: http://politicas.icpbrasil.gov.br/PA_AD_RA.xml
Baixando arquivo: http://politicas.icpbrasil.gov.br/PA_AD_RA_v2_1der-sha256.txt
Baixando arquivo: http://politicas.icpbrasil.gov.br/PA_AD_RA_xml-sha256.txt
Baixando arquivo: http://politicas.icpbrasil.gov.br/PA_AD_RA_v2_0.xml
Baixando arquivo: http://politicas.icpbrasil.gov.br/PA_AD_RA_v2_0xml-sha256.txt
Baixando arquivo: http://politicas.icpbrasil.gov.br/PA_AD_RA_v2_1.xml
Baixando arquivo: http://politicas.icpbrasil.gov.br/PA_AD_RT_v1_2.xml
Baixando arquivo: http://politicas.icpbrasil.gov.br/PA_PAdES_AD_RC_v1_1der-sha256.txt
Baixando arquivo: http://politicas.icpbrasil.gov.br/PA_AD_RT_v1_2xml-sha256.txt
Baixando arquivo: http://politicas.icpbrasil.gov.br/PA_AD_RA_v2_1xml-sha256.txt
Baixando arquivo: http://politicas.icpbrasil.gov.br/PA_AD_RA_v2_3xml-sha256.txt
Baixando arquivo: http://politicas.icpbrasil.gov.br/PA_AD_RA_v2_5xml-sha256.txt
Baixando arquivo: http://politicas.icpbrasil.gov.br/PA_AD_RA_v2_2xml-sha256.txt
Baixando arquivo: http://politicas.icpbrasil.gov.br/PA_AD_RT_v2_0.xml
Baixando arquivo: http://politicas.icpbrasil.gov.br/PA_AD_RB_v2_2.der
Baixando arquivo: http://politicas.icpbrasil.gov.br/PA_AD_RA_v2_4.xml
Baixando arquivo: http://politicas.icpbrasil.gov.br/PA_PAdES_AD_RA_v1_1der-sha256.txt
Baixando arquivo: http://politicas.icpbrasil.gov.br/PA_AD_RA_v2_3.xml
Baixando arquivo: http://politicas.icpbrasil.gov.br/PA_AD_RB_v2_3der-sha256.txt
Baixando arquivo: http://politicas.icpbrasil.gov.br/PA_AD_RA_v2_4xml-sha256.txt
Baixando arquivo: http://politicas.icpbrasil.gov.br/PA_PAdES_AD_RA_v1_0.der
Baixando arquivo: http://politicas.icpbrasil.gov.br/PA_PAdES_AD_RA_v1_0der-sha256.txt
Baixando arquivo: http://politicas.icpbrasil.gov.br/PA_AD_RA_v1_1xml-sha256.txt
Baixando arquivo: http://politicas.icpbrasil.gov.br/PA_PAdES_AD_RA_v1_1.der
Baixando arquivo: http://politicas.icpbrasil.gov.br/PA_AD_RA_v1_1.xml
Baixando arquivo: http://politicas.icpbrasil.gov.br/PA_AD_RA_v2_2der-sha256.txt
Baixando arquivo: http://politicas.icpbrasil.gov.br/PA_AD_RA_v1_2.xml
Baixando arquivo: http://politicas.icpbrasil.gov.br/PA_PAdES_AD_RA_v1_2der-sha256.txt
Baixando arquivo: http://politicas.icpbrasil.gov.br/PA_AD_RA_v2_3.der
Baixando arquivo: http://politicas.icpbrasil.gov.br/PA_PAdES_AD_RA_v1_2.der
Baixando arquivo: http://politicas.icpbrasil.gov.br/PA_PAdES_AD_RA_v1_3.der
Baixando arquivo: http://politicas.icpbrasil.gov.br/PA_AD_RB_v2_3.der
Baixando arquivo: http://politicas.icpbrasil.gov.br/PA_AD_RA_v2_5.xml
Baixando arquivo: http://politicas.icpbrasil.gov.br/PA_AD_RA_v2_2.der
Baixando arquivo: http://politicas.icpbrasil.gov.br/PA_AD_RA_v1_2xml-sha256.txt
[INFO] Arquivo de hash baixado: validacao-hash/PA_AD_RT_v2_0der-sha256.txt
[INFO] Arquivo de hash baixado: validacao-hash/PA_AD_RT_v1_1der-sha256.txt
[INFO] Arquivo de hash baixado: validacao-hash/PA_AD_RB_v2_4der-sha256.txt
[INFO] Arquivo de hash baixado: validacao-hash/PA_AD_RV_v2_3der-sha256.txt
[ERRO] Falha ao validar hash de politicas-baixadas/PA_AD_RV_v2_2.der: Arquivo de hash baixado é HTML (erro de download ou 404).
[ERRO] Falha ao validar hash de politicas-baixadas/PA_AD_RC.xml: Arquivo de hash baixado é HTML (erro de download ou 404).
[INFO] Arquivo de hash baixado: validacao-hash/LPA_XAdES_xsd-sha256.txt
[INFO] Arquivo de hash baixado: validacao-hash/PA_AD_RB_v2_0der-sha256.txt
[INFO] Arquivo de hash baixado: validacao-hash/PA_AD_RT_xml-sha256.txt
[INFO] Arquivo de hash baixado: validacao-hash/PA_AD_RT_v2_0xml-sha256.txt
[INFO] Arquivo de hash baixado: validacao-hash/PA_AD_RV_v1_1der-sha256.txt
[INFO] Arquivo de hash baixado: validacao-hash/PA_AD_RC_xml-sha256.txt
[INFO] Arquivo de hash baixado: validacao-hash/PA_AD_RC_v2_2xml-sha256.txt
[INFO] Arquivo de hash baixado: validacao-hash/PA_AD_RC_v2_0der-sha256.txt
[INFO] Arquivo de hash baixado: validacao-hash/PA_PAdES_AD_RB_v1_0der-sha256.txt
[INFO] Arquivo de hash baixado: validacao-hash/PA_AD_RB_xml-sha256.txt
[INFO] Arquivo de hash baixado: validacao-hash/PA_PAdES_AD_RA_v1_3der-sha256.txt
[INFO] Arquivo de hash baixado: validacao-hash/PA_PAdES_AD_RB_v1_1der-sha256.txt
[INFO] Arquivo de hash baixado: validacao-hash/LPAv2_asn-sha256.txt
[INFO] Arquivo de hash baixado: validacao-hash/PA_AD_RB_v2_4xml-sha256.txt
[INFO] Arquivo de hash baixado: validacao-hash/PA_AD_RB_v2_3xml-sha256.txt
[INFO] Arquivo de hash baixado: validacao-hash/PA_AD_RV_v2_4der-sha256.txt
[INFO] Arquivo de hash baixado: validacao-hash/PA_AD_RC_v1_1xml-sha256.txt
[INFO] Arquivo de hash baixado: validacao-hash/PA_AD_RV_v2_3xml-sha256.txt
[INFO] Arquivo de hash baixado: validacao-hash/PA_AD_RA_der-sha256.txt
[INFO] Arquivo de hash baixado: validacao-hash/PA_AD_RC_v2_4xml-sha256.txt
[INFO] Arquivo de hash baixado: validacao-hash/PA_AD_RT_v2_1xml-sha256.txt
[INFO] Arquivo de hash baixado: validacao-hash/PA_AD_RV_v1_1xml-sha256.txt
[INFO] Arquivo de hash baixado: validacao-hash/PA_AD_RB_v2_5xml-sha256.txt
[INFO] Arquivo de hash baixado: validacao-hash/PA_PAdES_AD_RC_v1_0der-sha256.txt
[INFO] Arquivo de hash baixado: validacao-hash/PA_AD_RC_v1_2xml-sha256.txt
[INFO] Arquivo de hash baixado: validacao-hash/PA_AD_RB_v2_2xml-sha256.txt
[INFO] Arquivo de hash baixado: validacao-hash/PA_AD_RB_v2_2der-sha256.txt
[INFO] Arquivo de hash baixado: validacao-hash/PA_AD_RC_v2_1xml-sha256.txt
[INFO] Arquivo de hash baixado: validacao-hash/PA_AD_RV_v2_1der-sha256.txt
[INFO] Arquivo de hash baixado: validacao-hash/PA_AD_RB_v2_1der-sha256.txt
[INFO] Arquivo de hash baixado: validacao-hash/PA_AD_RB_v1_2xml-sha256.txt
[INFO] Arquivo de hash baixado: validacao-hash/PA_AD_RT_v2_4der-sha256.txt
[INFO] Arquivo de hash baixado: validacao-hash/PA_AD_RB_v2_0xml-sha256.txt
[INFO] Arquivo de hash baixado: validacao-hash/PA_AD_RB_v1_1xml-sha256.txt
[INFO] Arquivo de hash baixado: validacao-hash/PA_PAdES_AD_RB_v1_2der-sha256.txt
[INFO] Arquivo de hash baixado: validacao-hash/PA_AD_RV_v2_2der-sha256.txt
[INFO] Arquivo de hash baixado: validacao-hash/PA_AD_RT_der-sha256.txt
[INFO] Arquivo de hash baixado: validacao-hash/PA_AD_RC_v2_5xml-sha256.txt
[INFO] Arquivo de hash baixado: validacao-hash/PA_AD_RB_v2_1xml-sha256.txt
[INFO] Arquivo de hash baixado: validacao-hash/PA_xsd-sha256.txt
[INFO] Arquivo de hash baixado: validacao-hash/PA_AD_RV_v2_0der-sha256.txt
[INFO] Arquivo de hash baixado: validacao-hash/PA_AD_RC_v2_0xml-sha256.txt
[INFO] Arquivo de hash baixado: validacao-hash/PA_AD_RC_v2_4der-sha256.txt
[INFO] Arquivo de hash baixado: validacao-hash/PA_AD_RT_v2_4xml-sha256.txt
[INFO] Arquivo de hash baixado: validacao-hash/PA_AD_RT_v2_2xml-sha256.txt
[INFO] Arquivo de hash baixado: validacao-hash/PA_AD_RV_xml-sha256.txt
[INFO] Arquivo de hash baixado: validacao-hash/PA_AD_RT_v2_3der-sha256.txt
[INFO] Arquivo de hash baixado: validacao-hash/PA_AD_RV_der-sha256.txt
[INFO] Arquivo de hash baixado: validacao-hash/PA_AD_RT_v2_1der-sha256.txt
[INFO] Arquivo de hash baixado: validacao-hash/PA_PAdES_AD_RT_v1_2der-sha256.txt
[INFO] Arquivo de hash baixado: validacao-hash/PA_AD_RC_v2_1der-sha256.txt
[INFO] Arquivo de hash baixado: validacao-hash/PA_AD_RC_v2_2der-sha256.txt
[INFO] Arquivo de hash baixado: validacao-hash/PA_AD_RV_v2_2xml-sha256.txt
[INFO] Arquivo de hash baixado: validacao-hash/PA_PAdES_AD_RC_v1_3der-sha256.txt
[INFO] Arquivo de hash baixado: validacao-hash/PA_AD_RC_v2_3der-sha256.txt
[INFO] Arquivo de hash baixado: validacao-hash/PA_PAdES_AD_RT_v1_0der-sha256.txt
[INFO] Arquivo de hash baixado: validacao-hash/PA_PAdES_AD_RT_v1_1der-sha256.txt
[INFO] Arquivo de hash baixado: validacao-hash/PA_AD_RT_v2_3xml-sha256.txt
[INFO] Arquivo de hash baixado: validacao-hash/PA_AD_RT_v2_5xml-sha256.txt
[INFO] Arquivo de hash baixado: validacao-hash/PA_AD_RV_v2_1xml-sha256.txt
[INFO] Arquivo de hash baixado: validacao-hash/PA_AD_RT_v2_2der-sha256.txt
[INFO] Arquivo de hash baixado: validacao-hash/PA_AD_RC_der-sha256.txt
[INFO] Arquivo de hash baixado: validacao-hash/PA_PAdES_AD_RC_v1_2der-sha256.txt
[INFO] Arquivo de hash baixado: validacao-hash/PA_AD_RV_v2_4xml-sha256.txt
[INFO] Arquivo de hash baixado: validacao-hash/PA_AD_RV_v1_2xml-sha256.txt
[INFO] Arquivo de hash baixado: validacao-hash/PA_AD_RC_v2_3xml-sha256.txt
[INFO] Arquivo de hash baixado: validacao-hash/PA_AD_RA_v1_1der-sha256.txt
[INFO] Arquivo de hash baixado: validacao-hash/PA_AD_RC_v1_1der-sha256.txt
[INFO] Arquivo de hash baixado: validacao-hash/ICP_BR_Extensoes_PAdES_asn-sha256.txt
[INFO] Arquivo de hash baixado: validacao-hash/PA_AD_RA_v2_4der-sha256.txt
[INFO] Arquivo de hash baixado: validacao-hash/PA_AD_RV_v2_5xml-sha256.txt
[INFO] Arquivo de hash baixado: validacao-hash/PA_AD_RA_v2_3der-sha256.txt
[INFO] Arquivo de hash baixado: validacao-hash/PA_AD_RB_der-sha256.txt
[INFO] Arquivo de hash baixado: validacao-hash/PA_AD_RA_v1_2der-sha256.txt
[INFO] Arquivo de hash baixado: validacao-hash/PA_AD_RT_v1_1xml-sha256.txt
[INFO] Arquivo de hash baixado: validacao-hash/PA_AD_RB_v1_1der-sha256.txt
[INFO] Arquivo de hash baixado: validacao-hash/PA_AD_RV_v2_0xml-sha256.txt
[INFO] Arquivo de hash baixado: validacao-hash/PA_AD_RA_v2_0der-sha256.txt
[INFO] Arquivo de hash baixado: validacao-hash/PA_AD_RA_v2_5der-sha256.txt
[INFO] Arquivo de hash baixado: validacao-hash/PA_AD_RA_v1_2xml-sha256.txt
[INFO] Arquivo de hash baixado: validacao-hash/PA_AD_RA_v2_0xml-sha256.txt
[INFO] Arquivo de hash baixado: validacao-hash/PA_AD_RB_v2_3der-sha256.txt
[INFO] Arquivo de hash baixado: validacao-hash/PA_AD_RA_v2_1xml-sha256.txt
[INFO] Arquivo de hash baixado: validacao-hash/PA_AD_RA_v1_1xml-sha256.txt
[INFO] Arquivo de hash baixado: validacao-hash/PA_AD_RA_v2_2der-sha256.txt
[INFO] Arquivo de hash baixado: validacao-hash/PA_AD_RA_v2_3xml-sha256.txt
[INFO] Arquivo de hash baixado: validacao-hash/PA_AD_RA_v2_4xml-sha256.txt
[INFO] Arquivo de hash baixado: validacao-hash/PA_AD_RA_v2_2xml-sha256.txt
[INFO] Arquivo de hash baixado: validacao-hash/PA_AD_RA_xml-sha256.txt
[INFO] Arquivo de hash baixado: validacao-hash/PA_AD_RA_v2_5xml-sha256.txt
[INFO] Arquivo de hash baixado: validacao-hash/PA_PAdES_AD_RA_v1_0der-sha256.txt
[INFO] Arquivo de hash baixado: validacao-hash/PA_AD_RA_v2_1der-sha256.txt
[INFO] Arquivo de hash baixado: validacao-hash/PA_AD_RT_v1_2xml-sha256.txt
[INFO] Arquivo de hash baixado: validacao-hash/PA_PAdES_AD_RA_v1_1der-sha256.txt
[INFO] Arquivo de hash baixado: validacao-hash/PA_PAdES_AD_RC_v1_1der-sha256.txt
[ERRO] Falha ao validar hash de politicas-baixadas/PA_AD_RB_v1_1.der: Arquivo de hash baixado é HTML (erro de download ou 404).
[ERRO] Falha ao validar hash de politicas-baixadas/PA_AD_RT_v1_1.der: Arquivo de hash baixado é HTML (erro de download ou 404).
[ERRO] Falha ao validar hash de politicas-baixadas/PA_AD_RT_v2_5.xml: Arquivo de hash baixado é HTML (erro de download ou 404).
[ERRO] Falha ao validar hash de politicas-baixadas/PA_AD_RC_v2_2.der: Arquivo de hash baixado é HTML (erro de download ou 404).
[ERRO] Falha ao validar hash de politicas-baixadas/PA_AD_RB_v2_3.der: Arquivo de hash baixado é HTML (erro de download ou 404).
[ERRO] Falha ao validar hash de politicas-baixadas/PA.xsd: Arquivo de hash baixado é HTML (erro de download ou 404).
[ERRO] Falha ao validar hash de politicas-baixadas/PA_AD_RA_v2_4.der: Arquivo de hash baixado é HTML (erro de download ou 404).
[ERRO] Falha ao validar hash de politicas-baixadas/PA_AD_RC.der: Arquivo de hash baixado é HTML (erro de download ou 404).
[ERRO] Falha ao validar hash de politicas-baixadas/PA_AD_RT_v2_4.xml: Arquivo de hash baixado é HTML (erro de download ou 404).
[ERRO] Falha ao validar hash de politicas-baixadas/PA_AD_RV_v1_1.der: Arquivo de hash baixado é HTML (erro de download ou 404).
[ERRO] Falha ao validar hash de politicas-baixadas/PA_PAdES_AD_RC_v1_1.der: Arquivo de hash baixado é HTML (erro de download ou 404).
[ERRO] Falha ao validar hash de politicas-baixadas/PA_AD_RV_v2_4.xml: Arquivo de hash baixado é HTML (erro de download ou 404).
[ERRO] Falha ao validar hash de politicas-baixadas/PA_AD_RA_v2_3.der: Arquivo de hash baixado é HTML (erro de download ou 404).
[ERRO] Falha ao validar hash de politicas-baixadas/PA_PAdES_AD_RA_v1_0.der: Arquivo de hash baixado é HTML (erro de download ou 404).
[ERRO] Falha ao validar hash de politicas-baixadas/PA_AD_RC_v2_1.xml: Arquivo de hash baixado é HTML (erro de download ou 404).
[ERRO] Falha ao validar hash de politicas-baixadas/PA_AD_RA_v2_2.xml: Arquivo de hash baixado é HTML (erro de download ou 404).
[ERRO] Falha ao validar hash de politicas-baixadas/PA_AD_RB_v2_0.xml: Arquivo de hash baixado é HTML (erro de download ou 404).
[ERRO] Falha ao validar hash de politicas-baixadas/PA_AD_RB_v2_2.xml: Arquivo de hash baixado é HTML (erro de download ou 404).
[ERRO] Falha ao validar hash de politicas-baixadas/PA_PAdES_AD_RA_v1_1.der: Arquivo de hash baixado é HTML (erro de download ou 404).
[ERRO] Falha ao validar hash de politicas-baixadas/PA_AD_RB_v2_1.xml: Arquivo de hash baixado é HTML (erro de download ou 404).
[ERRO] Falha ao validar hash de politicas-baixadas/PA_AD_RC_v2_2.xml: Arquivo de hash baixado é HTML (erro de download ou 404).
[ERRO] Falha ao validar hash de politicas-baixadas/PA_AD_RT_v2_2.xml: Arquivo de hash baixado é HTML (erro de download ou 404).
[ERRO] Falha ao validar hash de politicas-baixadas/PA_AD_RT_v1_1.xml: Arquivo de hash baixado é HTML (erro de download ou 404).
[ERRO] Falha ao validar hash de politicas-baixadas/PA_AD_RV_v2_3.xml: Arquivo de hash baixado é HTML (erro de download ou 404).
[ERRO] Falha ao validar hash de politicas-baixadas/PA_AD_RB.xml: Arquivo de hash baixado é HTML (erro de download ou 404).
[ERRO] Falha ao validar hash de politicas-baixadas/PA_AD_RC_v2_3.xml: Arquivo de hash baixado é HTML (erro de download ou 404).
[ERRO] Falha ao validar hash de politicas-baixadas/PA_AD_RB_v2_3.xml: Arquivo de hash baixado é HTML (erro de download ou 404).
[ERRO] Falha ao validar hash de politicas-baixadas/PA_AD_RB_v1_2.xml: Arquivo de hash baixado é HTML (erro de download ou 404).
[ERRO] Falha ao validar hash de politicas-baixadas/PA_AD_RC_v1_1.xml: Arquivo de hash baixado é HTML (erro de download ou 404).
[ERRO] Falha ao validar hash de politicas-baixadas/PA_AD_RB_v1_1.xml: Arquivo de hash baixado é HTML (erro de download ou 404).
[ERRO] Falha ao validar hash de politicas-baixadas/PA_AD_RT_v2_3.xml: Arquivo de hash baixado é HTML (erro de download ou 404).
[ERRO] Falha ao validar hash de politicas-baixadas/PA_AD_RC_v2_0.xml: Arquivo de hash baixado é HTML (erro de download ou 404).
[ERRO] Falha ao validar hash de politicas-baixadas/PA_AD_RA_v2_1.xml: Arquivo de hash baixado é HTML (erro de download ou 404).
[ERRO] Falha ao validar hash de politicas-baixadas/PA_AD_RV_v2_2.xml: Arquivo de hash baixado é HTML (erro de download ou 404).
[ERRO] Falha ao validar hash de politicas-baixadas/LPAv2.asn: Arquivo de hash baixado é HTML (erro de download ou 404).
[ERRO] Falha ao validar hash de politicas-baixadas/PA_AD_RA_v2_0.xml: Arquivo de hash baixado é HTML (erro de download ou 404).
[ERRO] Falha ao validar hash de politicas-baixadas/PA_AD_RV.xml: Arquivo de hash baixado é HTML (erro de download ou 404).
[ERRO] Falha ao validar hash de politicas-baixadas/PA_AD_RT_v2_1.xml: Arquivo de hash baixado é HTML (erro de download ou 404).
[ERRO] Falha ao validar hash de politicas-baixadas/PA_AD_RT_v2_0.xml: Arquivo de hash baixado é HTML (erro de download ou 404).
[ERRO] Falha ao validar hash de politicas-baixadas/PA_AD_RC_v1_2.xml: Arquivo de hash baixado é HTML (erro de download ou 404).
[ERRO] Falha ao validar hash de politicas-baixadas/PA_AD_RA_v1_1.xml: Arquivo de hash baixado é HTML (erro de download ou 404).
[ERRO] Falha ao validar hash de politicas-baixadas/PA_AD_RT.xml: Arquivo de hash baixado é HTML (erro de download ou 404).
[ERRO] Falha ao validar hash de politicas-baixadas/PA_AD_RV_v2_1.xml: Arquivo de hash baixado é HTML (erro de download ou 404).
[ERRO] Falha ao validar hash de politicas-baixadas/PA_AD_RV_v1_2.xml: Arquivo de hash baixado é HTML (erro de download ou 404).
[ERRO] Falha ao validar hash de politicas-baixadas/PA_AD_RT_v1_2.xml: Arquivo de hash baixado é HTML (erro de download ou 404).
[ERRO] Falha ao validar hash de politicas-baixadas/PA_AD_RA_v2_3.xml: Arquivo de hash baixado é HTML (erro de download ou 404).
[ERRO] Falha ao validar hash de politicas-baixadas/PA_AD_RA_v2_0.der: Arquivo de hash baixado é HTML (erro de download ou 404).
[ERRO] Falha ao validar hash de politicas-baixadas/PA_AD_RB_v2_0.der: Arquivo de hash baixado é HTML (erro de download ou 404).
[ERRO] Falha ao validar hash de politicas-baixadas/PA_AD_RV_v2_1.der: Arquivo de hash baixado é HTML (erro de download ou 404).
[ERRO] Falha ao validar hash de politicas-baixadas/PA_PAdES_AD_RT_v1_1.der: Arquivo de hash baixado é HTML (erro de download ou 404).
[ERRO] Falha ao validar hash de politicas-baixadas/PA_AD_RC_v1_1.der: Arquivo de hash baixado é HTML (erro de download ou 404).
[ERRO] Falha ao validar hash de politicas-baixadas/PA_AD_RT.der: Arquivo de hash baixado é HTML (erro de download ou 404).
[ERRO] Falha ao validar hash de politicas-baixadas/PA_PAdES_AD_RT_v1_0.der: Arquivo de hash baixado é HTML (erro de download ou 404).
[ERRO] Falha ao validar hash de politicas-baixadas/PA_AD_RC_v2_1.der: Arquivo de hash baixado é HTML (erro de download ou 404).
[ERRO] Falha ao validar hash de politicas-baixadas/PA_AD_RT_v2_2.der: Arquivo de hash baixado é HTML (erro de download ou 404).
[ERRO] Falha ao validar hash de politicas-baixadas/PA_AD_RA_v2_4.xml: Arquivo de hash baixado é HTML (erro de download ou 404).
[ERRO] Falha ao validar hash de politicas-baixadas/LPA_XAdES.xsd: Arquivo de hash baixado é HTML (erro de download ou 404).
[ERRO] Falha ao validar hash de politicas-baixadas/PA_AD_RB_v2_1.der: Arquivo de hash baixado é HTML (erro de download ou 404).
[INFO] Arquivo de hash baixado: validacao-hash/PA_PAdES_AD_RA_v1_2der-sha256.txt
[ERRO] Falha ao validar hash de politicas-baixadas/PA_AD_RV_v2_4.der: Arquivo de hash baixado é HTML (erro de download ou 404).
[ERRO] Falha ao validar hash de politicas-baixadas/PA_PAdES_AD_RC_v1_3.der: Arquivo de hash baixado é HTML (erro de download ou 404).
[ERRO] Falha ao validar hash de politicas-baixadas/PA_AD_RV_v2_3.der: Arquivo de hash baixado é HTML (erro de download ou 404).
[ERRO] Falha ao validar hash de politicas-baixadas/PA_AD_RC_v2_0.der: Arquivo de hash baixado é HTML (erro de download ou 404).
[ERRO] Falha ao validar hash de politicas-baixadas/PA_AD_RV_v1_1.xml: Arquivo de hash baixado é HTML (erro de download ou 404).
[ERRO] Falha ao validar hash de politicas-baixadas/PA_PAdES_AD_RC_v1_2.der: Arquivo de hash baixado é HTML (erro de download ou 404).
[ERRO] Falha ao validar hash de politicas-baixadas/PA_AD_RB_v2_4.der: Arquivo de hash baixado é HTML (erro de download ou 404).
[ERRO] Falha ao validar hash de politicas-baixadas/PA_AD_RC_v2_4.der: Arquivo de hash baixado é HTML (erro de download ou 404).
[ERRO] Falha ao validar hash de politicas-baixadas/PA_AD_RB_v2_4.xml: Arquivo de hash baixado é HTML (erro de download ou 404).
[ERRO] Falha ao validar hash de politicas-baixadas/PA_AD_RC_v2_5.xml: Arquivo de hash baixado é HTML (erro de download ou 404).
[ERRO] Falha ao validar hash de politicas-baixadas/PA_AD_RC_v2_3.der: Arquivo de hash baixado é HTML (erro de download ou 404).
[ERRO] Falha ao validar hash de politicas-baixadas/PA_PAdES_AD_RB_v1_2.der: Arquivo de hash baixado é HTML (erro de download ou 404).
[ERRO] Falha ao validar hash de politicas-baixadas/PA_AD_RC_v2_4.xml: Arquivo de hash baixado é HTML (erro de download ou 404).
[ERRO] Falha ao validar hash de politicas-baixadas/PA_AD_RB_v2_5.xml: Arquivo de hash baixado é HTML (erro de download ou 404).
[ERRO] Falha ao validar hash de politicas-baixadas/PA_AD_RA_v1_1.der: Arquivo de hash baixado é HTML (erro de download ou 404).
[ERRO] Falha ao validar hash de politicas-baixadas/PA_PAdES_AD_RB_v1_1.der: Arquivo de hash baixado é HTML (erro de download ou 404).
[ERRO] Falha ao validar hash de politicas-baixadas/PA_AD_RA_v2_5.der: Arquivo de hash baixado é HTML (erro de download ou 404).
[ERRO] Falha ao validar hash de politicas-baixadas/ICP_BR_Extensoes_PAdES.asn: Arquivo de hash baixado é HTML (erro de download ou 404).
[ERRO] Falha ao validar hash de politicas-baixadas/PA_AD_RB.der: Arquivo de hash baixado é HTML (erro de download ou 404).
[ERRO] Falha ao validar hash de politicas-baixadas/PA_AD_RV_v2_0.xml: Arquivo de hash baixado é HTML (erro de download ou 404).
[ERRO] Falha ao validar hash de politicas-baixadas/PA_PAdES_AD_RB_v1_0.der: Arquivo de hash baixado é HTML (erro de download ou 404).
[ERRO] Falha ao validar hash de politicas-baixadas/PA_AD_RV_v2_0.der: Arquivo de hash baixado é HTML (erro de download ou 404).
[ERRO] Falha ao validar hash de politicas-baixadas/PA_PAdES_AD_RC_v1_0.der: Arquivo de hash baixado é HTML (erro de download ou 404).
[ERRO] Falha ao validar hash de politicas-baixadas/PA_AD_RA.der: Arquivo de hash baixado é HTML (erro de download ou 404).
[ERRO] Falha ao validar hash de politicas-baixadas/PA_AD_RT_v2_1.der: Arquivo de hash baixado é HTML (erro de download ou 404).
[ERRO] Falha ao validar hash de politicas-baixadas/PA_PAdES_AD_RT_v1_2.der: Arquivo de hash baixado é HTML (erro de download ou 404).
[ERRO] Falha ao validar hash de politicas-baixadas/PA_AD_RT_v2_4.der: Arquivo de hash baixado é HTML (erro de download ou 404).
[ERRO] Falha ao validar hash de politicas-baixadas/PA_AD_RA_v2_1.der: Arquivo de hash baixado é HTML (erro de download ou 404).
[ERRO] Falha ao validar hash de politicas-baixadas/PA_PAdES_AD_RA_v1_2.der: Arquivo de hash baixado é HTML (erro de download ou 404).
[ERRO] Falha ao validar hash de politicas-baixadas/PA_AD_RT_v2_0.der: Arquivo de hash baixado é HTML (erro de download ou 404).
[ERRO] Falha ao validar hash de politicas-baixadas/PA_AD_RA_v1_2.der: Arquivo de hash baixado é HTML (erro de download ou 404).
[ERRO] Falha ao validar hash de politicas-baixadas/PA_AD_RB_v2_2.der: Arquivo de hash baixado é HTML (erro de download ou 404).
[ERRO] Falha ao validar hash de politicas-baixadas/PA_AD_RT_v2_3.der: Arquivo de hash baixado é HTML (erro de download ou 404).
[ERRO] Falha ao validar hash de politicas-baixadas/PA_AD_RA_v2_2.der: Arquivo de hash baixado é HTML (erro de download ou 404).
[ERRO] Falha ao validar hash de politicas-baixadas/PA_AD_RA.xml: Arquivo de hash baixado é HTML (erro de download ou 404).
[ERRO] Falha ao validar hash de politicas-baixadas/PA_AD_RA_v1_2.xml: Arquivo de hash baixado é HTML (erro de download ou 404).
[ERRO] Falha ao validar hash de politicas-baixadas/PA_AD_RV_v2_5.xml: Arquivo de hash baixado é HTML (erro de download ou 404).
[ERRO] Falha ao validar hash de politicas-baixadas/PA_AD_RV.der: Arquivo de hash baixado é HTML (erro de download ou 404).
[ERRO] Falha ao validar hash de politicas-baixadas/PA_PAdES_AD_RA_v1_3.der: Arquivo de hash baixado é HTML (erro de download ou 404).
[ERRO] Falha ao validar hash de politicas-baixadas/PA_AD_RA_v2_5.xml: Arquivo de hash baixado é HTML (erro de download ou 404).

Resumo:
Total de políticas a serem baixadas: 200
Total baixadas: 200
Total com erro de download: 0
